Month,Reporting_Airline,DestAirportID,Dest,scheduled_flights,eligible_arrivals,delayed_arrivals,cancelled_flights,diverted_flights
1,AA,10423,AUS,2,2,1,0,0
1,AA,11057,CLT,31,30,4,1,0
1,AA,11298,DFW,240,223,40,15,2
1,AA,12478,JFK,30,30,4,0,0
1,AA,13930,ORD,90,90,13,0,0
1,AA,14107,PHX,145,145,16,0,0
1,AS,14057,PDX,119,117,14,2,0
1,AS,14747,SEA,212,208,26,3,1
1,AS,14771,SFO,28,28,8,0,0
1,DL,10397,ATL,76,74,8,2,0
1,DL,11433,DTW,22,22,9,0,0
1,DL,13487,MSP,45,45,10,0,0
1,DL,14747,SEA,88,88,17,0,0
1,DL,14869,SLC,128,127,22,1,0
1,F9,11292,DEN,31,31,6,0,0
1,F9,12889,LAS,20,19,4,1,0
1,F9,14107,PHX,23,23,7,0,0
1,F9,14771,SFO,20,20,8,0,0
1,G4,10713,BOI,20,20,6,0,0
1,G4,11423,DSM,9,9,4,0,0
1,G4,11603,EUG,9,7,4,2,0
1,G4,12280,IDA,9,8,1,0,1
1,G4,13264,MFR,9,8,4,1,0
1,G4,14314,PVU,27,27,11,0,0
1,NK,12889,LAS,67,67,9,0,0
1,NK,13796,OAK,36,36,7,0,0
1,OO,12889,LAS,60,58,11,2,0
1,OO,14771,SFO,193,188,29,5,0
1,OO,15023,STS,51,50,8,1,0
1,OO,15376,TUS,31,30,6,1,0
1,UA,11292,DEN,124,124,24,0,0
1,UA,11618,EWR,93,93,10,0,0
1,UA,12266,IAH,120,116,12,4,0
1,UA,13930,ORD,89,89,18,0,0
1,UA,14771,SFO,62,62,10,0,0
1,WN,10423,AUS,28,28,2,0,0
1,WN,11259,DAL,31,30,4,1,0
1,WN,11292,DEN,121,121,17,0,0
1,WN,12889,LAS,192,191,41,1,0
1,WN,13796,OAK,167,162,14,5,0
1,WN,14107,PHX,188,185,21,3,0
1,WN,14831,SJC,214,207,19,7,0
1,WN,14893,SMF,178,176,11,2,0
2,AA,11057,CLT,28,28,7,0,0
2,AA,11298,DFW,220,217,22,2,1
2,AA,12478,JFK,28,26,9,1,1
2,AA,13930,ORD,80,80,12,0,0
2,AA,14107,PHX,151,151,13,0,0
2,AS,14057,PDX,100,97,8,3,0
2,AS,14747,SEA,182,171,21,11,0
2,AS,14771,SFO,28,26,8,1,1
2,DL,10397,ATL,70,70,14,0,0
2,DL,11433,DTW,18,17,7,1,0
2,DL,13487,MSP,42,42,5,0,0
2,DL,14747,SEA,78,78,12,0,0
2,DL,14869,SLC,112,112,15,0,0
2,F9,11292,DEN,28,28,6,0,0
2,F9,12889,LAS,18,17,7,1,0
2,F9,14107,PHX,18,18,4,0,0
2,F9,14771,SFO,18,18,7,0,0
2,G4,10713,BOI,13,13,2,0,0
2,G4,11109,COS,5,5,2,0,0
2,G4,11423,DSM,8,8,2,0,0
2,G4,11603,EUG,8,7,3,1,0
2,G4,12280,IDA,8,8,2,0,0
2,G4,13264,MFR,8,8,3,0,0
2,G4,14314,PVU,27,25,8,1,1
2,NK,12889,LAS,56,54,6,2,0
2,NK,13796,OAK,28,28,0,0,0
2,OO,12889,LAS,56,56,9,0,0
2,OO,14771,SFO,168,162,39,6,0
2,OO,15023,STS,44,41,9,2,1
2,OO,15376,TUS,28,28,3,0,0
2,UA,11292,DEN,112,112,15,0,0
2,UA,11618,EWR,84,82,11,1,1
2,UA,12266,IAH,108,108,5,0,0
2,UA,13930,ORD,80,79,10,0,1
2,UA,14771,SFO,56,56,11,0,0
2,WN,10423,AUS,24,24,2,0,0
2,WN,11259,DAL,28,28,4,0,0
2,WN,11292,DEN,111,109,17,2,0
2,WN,12889,LAS,187,185,35,2,0
2,WN,13796,OAK,172,170,12,2,0
2,WN,14107,PHX,175,173,22,2,0
2,WN,14831,SJC,207,203,18,4,0
2,WN,14893,SMF,166,165,18,0,1
3,AA,11057,CLT,31,31,4,0,0
3,AA,11298,DFW,267,254,39,9,4
3,AA,12478,JFK,31,29,8,0,2
3,AA,13930,ORD,88,87,28,0,1
3,AA,14107,PHX,183,182,28,1,0
3,AS,14057,PDX,113,112,10,1,0
3,AS,14747,SEA,202,200,26,2,0
3,AS,14771,SFO,29,29,13,0,0
3,DL,10397,ATL,80,79,9,0,1
3,DL,11433,DTW,25,25,11,0,0
3,DL,13487,MSP,49,48,9,0,1
3,DL,14747,SEA,88,88,7,0,0
3,DL,14869,SLC,124,124,11,0,0
3,F9,11292,DEN,31,31,2,0,0
3,F9,12889,LAS,23,23,11,0,0
3,F9,14107,PHX,18,18,5,0,0
3,F9,14771,SFO,23,22,5,1,0
3,G4,10713,BOI,14,14,5,0,0
3,G4,11109,COS,9,9,2,0,0
3,G4,11423,DSM,11,11,2,0,0
3,G4,11603,EUG,10,9,1,1,0
3,G4,12280,IDA,11,11,2,0,0
3,G4,13264,MFR,9,8,3,1,0
3,G4,14314,PVU,33,32,12,1,0
3,NK,12889,LAS,62,62,6,0,0
3,NK,13796,OAK,29,29,0,0,0
3,OO,12889,LAS,82,81,19,1,0
3,OO,14771,SFO,160,152,44,5,3
3,OO,14869,SLC,20,20,3,0,0
3,OO,15023,STS,54,54,7,0,0
3,OO,15376,TUS,31,31,4,0,0
3,UA,11292,DEN,125,124,14,1,0
3,UA,11618,EWR,93,93,13,0,0
3,UA,12266,IAH,118,118,8,0,0
3,UA,13930,ORD,88,88,16,0,0
3,UA,14771,SFO,90,90,25,0,0
3,WN,10423,AUS,26,25,2,0,1
3,WN,11259,DAL,31,31,3,0,0
3,WN,11292,DEN,130,130,18,0,0
3,WN,12889,LAS,216,215,38,1,0
3,WN,13796,OAK,205,203,22,2,0
3,WN,14107,PHX,210,208,37,2,0
3,WN,14831,SJC,233,230,24,3,0
3,WN,14893,SMF,193,191,27,2,0
4,AA,11057,CLT,30,29,4,1,0
4,AA,11298,DFW,239,233,46,5,1
4,AA,12478,JFK,30,29,8,1,0
4,AA,13930,ORD,109,108,19,1,0
4,AA,14107,PHX,153,153,19,0,0
4,AS,14057,PDX,120,120,6,0,0
4,AS,14747,SEA,201,200,16,1,0
4,AS,14771,SFO,27,26,6,1,0
4,DL,10397,ATL,76,74,20,2,0
4,DL,11433,DTW,26,26,7,0,0
4,DL,13487,MSP,49,49,13,0,0
4,DL,14747,SEA,80,80,10,0,0
4,DL,14869,SLC,120,119,17,1,0
4,F9,11292,DEN,30,30,5,0,0
4,F9,12889,LAS,20,20,4,0,0
4,F9,14107,PHX,19,19,3,0,0
4,F9,14771,SFO,19,19,4,0,0
4,G4,10713,BOI,12,12,4,0,0
4,G4,11109,COS,8,8,4,0,0
4,G4,11423,DSM,8,8,2,0,0
4,G4,11603,EUG,10,10,6,0,0
4,G4,12280,IDA,8,8,0,0,0
4,G4,13264,MFR,8,8,3,0,0
4,G4,14314,PVU,30,29,17,1,0
4,NK,12889,LAS,60,60,5,0,0
4,NK,13796,OAK,30,30,1,0,0
4,OO,12889,LAS,86,85,15,1,0
4,OO,14747,SEA,23,23,7,0,0
4,OO,14771,SFO,193,190,43,3,0
4,OO,14869,SLC,26,26,3,0,0
4,OO,15023,STS,60,60,16,0,0
4,OO,15376,TUS,21,21,4,0,0
4,UA,11292,DEN,146,145,26,1,0
4,UA,11618,EWR,90,86,18,0,4
4,UA,12266,IAH,90,90,5,0,0
4,UA,13930,ORD,86,86,10,0,0
4,UA,14771,SFO,120,120,23,0,0
4,WN,10423,AUS,26,25,1,0,1
4,WN,11259,DAL,30,28,0,2,0
4,WN,11292,DEN,131,130,32,1,0
4,WN,12889,LAS,208,207,47,1,0
4,WN,13796,OAK,192,192,23,0,0
4,WN,14107,PHX,187,186,29,1,0
4,WN,14831,SJC,215,214,32,1,0
4,WN,14893,SMF,180,179,31,1,0
5,AA,11057,CLT,31,31,6,0,0
5,AA,11298,DFW,245,237,50,7,1
5,AA,12478,JFK,31,31,14,0,0
5,AA,13930,ORD,122,120,28,1,1
5,AA,14107,PHX,154,154,24,0,0
5,AS,14057,PDX,124,124,16,0,0
5,AS,14747,SEA,217,216,54,1,0
5,AS,14771,SFO,31,31,3,0,0
5,DL,10397,ATL,104,102,16,1,1
5,DL,11433,DTW,22,22,8,0,0
5,DL,13487,MSP,52,52,19,0,0
5,DL,14747,SEA,74,73,15,1,0
5,DL,14869,SLC,124,124,17,0,0
5,F9,11292,DEN,31,30,5,1,0
5,F9,12889,LAS,23,23,7,0,0
5,F9,14107,PHX,21,21,7,0,0
5,F9,14771,SFO,18,18,6,0,0
5,G4,10713,BOI,14,14,2,0,0
5,G4,11109,COS,9,9,1,0,0
5,G4,11423,DSM,9,9,2,0,0
5,G4,11603,EUG,9,9,1,0,0
5,G4,11884,GEG,3,3,1,0,0
5,G4,12280,IDA,9,9,1,0,0
5,G4,13264,MFR,9,9,1,0,0
5,G4,13486,MSO,5,5,1,0,0
5,G4,14314,PVU,39,39,19,0,0
5,NK,12889,LAS,87,87,9,0,0
5,NK,13796,OAK,56,55,3,1,0
5,OO,12889,LAS,87,86,17,1,0
5,OO,14747,SEA,57,57,15,0,0
5,OO,14771,SFO,282,278,58,3,1
5,OO,14869,SLC,25,25,2,0,0
5,OO,15023,STS,62,62,16,0,0
5,UA,11292,DEN,161,161,37,0,0
5,UA,11618,EWR,88,82,30,5,1
5,UA,12266,IAH,93,93,19,0,0
5,UA,13930,ORD,89,88,13,0,1
5,UA,14771,SFO,114,114,26,0,0
5,WN,10423,AUS,26,25,0,0,1
5,WN,11259,DAL,31,30,3,0,1
5,WN,11292,DEN,137,136,39,0,1
5,WN,12889,LAS,215,215,39,0,0
5,WN,13796,OAK,199,198,34,1,0
5,WN,14107,PHX,189,189,33,0,0
5,WN,14831,SJC,222,222,18,0,0
5,WN,14893,SMF,185,185,38,0,0
6,AA,11057,CLT,30,30,5,0,0
6,AA,11298,DFW,256,244,72,10,2
6,AA,12478,JFK,30,28,9,1,1
6,AA,13930,ORD,116,114,36,1,1
6,AA,14107,PHX,150,150,27,0,0
6,AS,14057,PDX,115,115,11,0,0
6,AS,14747,SEA,227,223,67,4,0
6,AS,14771,SFO,30,30,3,0,0
6,DL,10397,ATL,106,104,24,0,2
6,DL,11433,DTW,22,22,4,0,0
6,DL,13487,MSP,52,52,10,0,0
6,DL,14747,SEA,72,71,21,1,0
6,DL,14869,SLC,120,119,18,1,0
6,F9,11292,DEN,29,28,6,1,0
6,F9,12889,LAS,17,15,7,2,0
6,F9,14107,PHX,18,17,4,1,0
6,F9,14771,SFO,18,15,5,3,0
6,G4,10713,BOI,13,13,2,0,0
6,G4,11109,COS,9,9,3,0,0
6,G4,11423,DSM,10,9,2,1,0
6,G4,11603,EUG,9,9,7,0,0
6,G4,11884,GEG,9,9,4,0,0
6,G4,12280,IDA,9,9,5,0,0
6,G4,13264,MFR,9,9,2,0,0
6,G4,13486,MSO,9,9,3,0,0
6,G4,14314,PVU,44,44,23,0,0
6,NK,12889,LAS,109,109,9,0,0
6,NK,13796,OAK,41,41,2,0,0
6,OO,12889,LAS,86,85,15,1,0
6,OO,14747,SEA,60,60,21,0,0
6,OO,14771,SFO,259,257,31,2,0
6,OO,14869,SLC,24,24,2,0,0
6,OO,15023,STS,60,60,18,0,0
6,UA,11292,DEN,175,174,50,0,1
6,UA,11618,EWR,90,87,14,0,3
6,UA,12266,IAH,90,89,18,1,0
6,UA,13930,ORD,85,84,19,0,1
6,UA,14771,SFO,90,90,22,0,0
6,WN,10423,AUS,30,30,0,0,0
6,WN,10693,BNA,26,25,9,0,1
6,WN,11259,DAL,30,30,3,0,0
6,WN,11292,DEN,134,132,47,0,2
6,WN,12889,LAS,208,207,39,1,0
6,WN,13796,OAK,195,191,52,4,0
6,WN,14107,PHX,204,202,32,2,0
6,WN,14831,SJC,216,213,33,3,0
6,WN,14893,SMF,204,202,42,2,0
7,AA,11057,CLT,31,31,10,0,0
7,AA,11298,DFW,262,248,76,8,6
7,AA,12478,JFK,31,30,16,0,1
7,AA,13930,ORD,117,112,29,2,3
7,AA,14107,PHX,153,153,40,0,0
7,AS,14057,PDX,119,116,9,3,0
7,AS,14747,SEA,246,238,45,8,0
7,AS,14771,SFO,31,30,5,1,0
7,DL,10397,ATL,107,105,23,1,1
7,DL,11433,DTW,21,21,9,0,0
7,DL,13487,MSP,52,52,11,0,0
7,DL,14747,SEA,70,70,20,0,0
7,DL,14869,SLC,146,146,21,0,0
7,F9,11292,DEN,30,30,5,0,0
7,F9,12889,LAS,16,16,7,0,0
7,F9,14107,PHX,21,21,4,0,0
7,F9,14771,SFO,17,17,8,0,0
7,G4,10713,BOI,14,13,5,1,0
7,G4,11109,COS,9,8,3,1,0
7,G4,11423,DSM,9,9,4,0,0
7,G4,11603,EUG,9,9,6,0,0
7,G4,11884,GEG,10,10,6,0,0
7,G4,12280,IDA,8,8,3,0,0
7,G4,13264,MFR,9,9,2,0,0
7,G4,13486,MSO,9,9,3,0,0
7,G4,14314,PVU,46,45,28,1,0
7,NK,12889,LAS,101,100,20,1,0
7,NK,13796,OAK,24,24,7,0,0
7,OO,12889,LAS,88,87,10,1,0
7,OO,14747,SEA,62,62,8,0,0
7,OO,14771,SFO,258,257,62,1,0
7,OO,14869,SLC,1,1,0,0,0
7,OO,15023,STS,62,62,29,0,0
7,UA,11292,DEN,181,180,58,0,1
7,UA,11618,EWR,93,86,29,3,4
7,UA,12266,IAH,93,89,20,1,3
7,UA,13930,ORD,88,87,23,0,1
7,UA,14771,SFO,92,91,22,1,0
7,WN,10423,AUS,31,31,4,0,0
7,WN,10693,BNA,30,30,7,0,0
7,WN,11259,DAL,31,31,4,0,0
7,WN,11292,DEN,136,134,51,1,1
7,WN,12889,LAS,209,205,49,4,0
7,WN,13796,OAK,195,191,40,4,0
7,WN,14107,PHX,208,204,34,4,0
7,WN,14831,SJC,217,213,39,4,0
7,WN,14893,SMF,209,203,41,6,0
8,AA,11057,CLT,31,30,2,0,1
8,AA,11298,DFW,255,236,52,13,6
8,AA,12478,JFK,31,31,9,0,0
8,AA,13930,ORD,118,111,41,3,4
8,AA,14107,PHX,136,135,27,0,1
8,AS,14057,PDX,133,130,9,3,0
8,AS,14747,SEA,234,232,54,2,0
8,AS,14771,SFO,19,19,2,0,0
8,DL,10397,ATL,106,103,16,1,2
8,DL,11433,DTW,27,27,11,0,0
8,DL,13487,MSP,52,52,12,0,0
8,DL,14747,SEA,83,82,26,1,0
8,DL,14869,SLC,147,147,15,0,0
8,F9,11292,DEN,27,27,8,0,0
8,F9,12889,LAS,18,18,4,0,0
8,F9,14107,PHX,22,22,4,0,0
8,F9,14771,SFO,18,18,5,0,0
8,G4,10713,BOI,14,14,4,0,0
8,G4,11109,COS,9,9,2,0,0
8,G4,11423,DSM,9,9,2,0,0
8,G4,11603,EUG,3,3,3,0,0
8,G4,11884,GEG,9,8,4,1,0
8,G4,12280,IDA,9,9,2,0,0
8,G4,13264,MFR,4,4,2,0,0
8,G4,13486,MSO,6,6,0,0,0
8,G4,14314,PVU,40,40,17,0,0
8,NK,11433,DTW,19,19,5,0,0
8,NK,12889,LAS,74,74,8,0,0
8,NK,13796,OAK,9,9,5,0,0
8,OO,12889,LAS,70,70,13,0,0
8,OO,14747,SEA,41,41,9,0,0
8,OO,14771,SFO,295,295,51,0,0
8,OO,15023,STS,62,61,10,1,0
8,UA,11292,DEN,150,145,30,3,2
8,UA,11618,EWR,93,91,25,1,1
8,UA,12266,IAH,93,93,17,0,0
8,UA,13930,ORD,88,84,12,3,1
8,UA,14771,SFO,93,90,17,2,1
8,WN,10423,AUS,31,31,7,0,0
8,WN,10693,BNA,30,29,13,0,1
8,WN,11259,DAL,31,30,17,0,1
8,WN,11292,DEN,135,131,37,2,2
8,WN,12889,LAS,210,210,39,0,0
8,WN,13796,OAK,197,195,25,2,0
8,WN,14107,PHX,209,209,32,0,0
8,WN,14831,SJC,219,218,24,1,0
8,WN,14893,SMF,209,208,19,1,0
9,AA,11057,CLT,30,30,0,0,0
9,AA,11298,DFW,247,237,34,7,3
9,AA,12478,JFK,30,30,5,0,0
9,AA,13930,ORD,104,103,20,0,1
9,AA,14107,PHX,120,118,20,1,1
9,AS,14057,PDX,147,147,8,0,0
9,AS,14747,SEA,214,212,18,2,0
9,DL,10397,ATL,103,102,14,0,1
9,DL,11433,DTW,28,28,4,0,0
9,DL,13487,MSP,51,51,8,0,0
9,DL,14747,SEA,86,86,16,0,0
9,DL,14869,SLC,146,146,23,0,0
9,F9,11292,DEN,29,29,6,0,0
9,F9,12889,LAS,21,21,9,0,0
9,F9,14107,PHX,25,24,1,0,1
9,F9,14771,SFO,9,9,3,0,0
9,G4,10713,BOI,12,12,1,0,0
9,G4,11109,COS,1,1,0,0,0
9,G4,11423,DSM,8,8,2,0,0
9,G4,12280,IDA,9,9,5,0,0
9,G4,14314,PVU,25,25,4,0,0
9,NK,11433,DTW,3,3,0,0,0
9,NK,12889,LAS,60,59,5,1,0
9,OO,12889,LAS,60,59,14,1,0
9,OO,14747,SEA,30,29,2,0,1
9,OO,14771,SFO,338,338,59,0,0
9,OO,15023,STS,60,59,13,0,1
9,UA,11292,DEN,151,151,12,0,0
9,UA,11618,EWR,90,88,14,0,2
9,UA,12266,IAH,90,90,7,0,0
9,UA,13930,ORD,86,85,15,0,1
9,UA,14771,SFO,89,88,25,1,0
9,WN,10423,AUS,30,30,7,0,0
9,WN,10693,BNA,30,30,7,0,0
9,WN,11259,DAL,30,30,13,0,0
9,WN,11292,DEN,133,133,27,0,0
9,WN,12889,LAS,206,206,49,0,0
9,WN,13796,OAK,193,192,17,1,0
9,WN,14107,PHX,206,199,22,6,1
9,WN,14831,SJC,215,215,27,0,0
9,WN,14893,SMF,206,204,34,2,0
10,AA,11057,CLT,31,31,2,0,0
10,AA,11298,DFW,260,256,46,3,1
10,AA,12478,JFK,31,30,10,1,0
10,AA,13930,ORD,119,119,30,0,0
10,AA,14107,PHX,134,134,24,0,0
10,AS,14057,PDX,143,141,13,2,0
10,AS,14747,SEA,221,213,29,7,1
10,DL,10397,ATL,87,87,13,0,0
10,DL,11433,DTW,31,31,9,0,0
10,DL,13487,MSP,53,52,5,1,0
10,DL,14747,SEA,92,92,10,0,0
10,DL,14869,SLC,150,149,18,0,1
10,F9,11292,DEN,25,24,1,1,0
10,F9,12889,LAS,16,16,2,0,0
10,F9,14107,PHX,30,30,9,0,0
10,F9,14771,SFO,9,9,6,0,0
10,F9,14869,SLC,7,7,1,0,0
10,G4,10713,BOI,18,18,1,0,0
10,G4,11109,COS,9,9,0,0,0
10,G4,11423,DSM,9,9,2,0,0
10,G4,11603,EUG,9,9,2,0,0
10,G4,12280,IDA,9,9,2,0,0
10,G4,13264,MFR,9,9,6,0,0
10,G4,14314,PVU,27,27,5,0,0
10,NK,12889,LAS,61,61,8,0,0
10,OO,12889,LAS,62,62,8,0,0
10,OO,14747,SEA,28,27,2,0,1
10,OO,14771,SFO,350,347,85,3,0
10,OO,15023,STS,62,62,10,0,0
10,UA,11292,DEN,176,176,16,0,0
10,UA,11618,EWR,93,90,23,0,3
10,UA,12266,IAH,93,92,3,0,1
10,UA,13930,ORD,89,89,16,0,0
10,UA,14771,SFO,89,89,19,0,0
10,WN,10423,AUS,31,31,3,0,0
10,WN,10693,BNA,30,30,9,0,0
10,WN,11259,DAL,31,30,2,0,1
10,WN,11292,DEN,132,132,24,0,0
10,WN,12889,LAS,215,214,48,1,0
10,WN,13796,OAK,197,197,32,0,0
10,WN,14107,PHX,190,188,41,1,1
10,WN,14831,SJC,228,226,36,2,0
10,WN,14893,SMF,185,184,25,1,0
11,AA,11057,CLT,29,29,3,0,0
11,AA,11298,DFW,214,209,48,5,0
11,AA,12478,JFK,31,31,9,0,0
11,AA,13930,ORD,90,84,18,6,0
11,AA,14107,PHX,160,158,46,2,0
11,AS,14057,PDX,143,142,6,1,0
11,AS,14747,SEA,214,212,15,2,0
11,DL,10397,ATL,78,77,12,1,0
11,DL,11433,DTW,29,29,8,0,0
11,DL,13487,MSP,51,50,12,1,0
11,DL,14747,SEA,89,88,7,1,0
11,DL,14869,SLC,142,138,18,4,0
11,F9,11292,DEN,30,30,3,0,0
11,F9,12889,LAS,16,16,3,0,0
11,F9,14107,PHX,21,20,6,1,0
11,F9,14771,SFO,11,11,5,0,0
11,F9,14869,SLC,8,7,1,1,0
11,G4,10713,BOI,16,16,5,0,0
11,G4,11109,COS,9,9,1,0,0
11,G4,11423,DSM,9,8,0,1,0
11,G4,11603,EUG,9,9,3,0,0
11,G4,12280,IDA,9,9,2,0,0
11,G4,13264,MFR,9,9,3,0,0
11,G4,14314,PVU,26,26,6,0,0
11,G4,14869,SLC,1,1,1,0,0
11,NK,12889,LAS,71,71,8,0,0
11,OO,12889,LAS,60,59,5,1,0
11,OO,14747,SEA,26,25,4,1,0
11,OO,14771,SFO,346,331,85,15,0
11,OO,14869,SLC,1,1,0,0,0
11,OO,15023,STS,69,68,13,1,0
11,UA,11292,DEN,141,141,13,0,0
11,UA,11618,EWR,88,86,22,2,0
11,UA,12266,IAH,89,89,13,0,0
11,UA,13930,ORD,83,82,22,1,0
11,UA,14771,SFO,89,88,32,1,0
11,WN,10423,AUS,30,30,8,0,0
11,WN,10693,BNA,26,26,11,0,0
11,WN,11259,DAL,29,29,9,0,0
11,WN,11292,DEN,127,127,22,0,0
11,WN,12889,LAS,211,211,45,0,0
11,WN,13796,OAK,198,194,30,4,0
11,WN,14107,PHX,216,215,62,1,0
11,WN,14831,SJC,220,218,32,2,0
11,WN,14893,SMF,192,192,33,0,0
12,AA,11057,CLT,31,30,3,1,0
12,AA,11298,DFW,224,223,61,1,0
12,AA,12478,JFK,37,36,11,1,0
12,AA,13930,ORD,88,85,19,1,2
12,AA,14107,PHX,156,155,22,1,0
12,AS,14057,PDX,150,146,17,4,0
12,AS,14747,SEA,212,212,36,0,0
12,DL,10397,ATL,80,78,22,2,0
12,DL,11433,DTW,30,30,13,0,0
12,DL,13487,MSP,44,41,9,2,1
12,DL,14747,SEA,90,86,18,4,0
12,DL,14869,SLC,148,147,29,1,0
12,F9,11292,DEN,31,31,6,0,0
12,F9,12889,LAS,17,17,2,0,0
12,F9,14107,PHX,18,18,3,0,0
12,F9,14771,SFO,11,11,6,0,0
12,F9,14869,SLC,12,12,4,0,0
12,G4,10713,BOI,18,18,6,0,0
12,G4,11109,COS,8,8,0,0,0
12,G4,11423,DSM,11,10,6,1,0
12,G4,11603,EUG,11,11,4,0,0
12,G4,12280,IDA,8,8,1,0,0
12,G4,13264,MFR,11,11,3,0,0
12,G4,14314,PVU,23,23,8,0,0
12,NK,12889,LAS,73,73,2,0,0
12,OO,12889,LAS,59,58,12,1,0
12,OO,14747,SEA,17,16,7,0,1
12,OO,14771,SFO,293,279,80,13,1
12,OO,15023,STS,93,89,22,1,3
12,OO,15376,TUS,13,11,5,2,0
12,UA,11292,DEN,151,151,26,0,0
12,UA,11618,EWR,93,92,21,1,0
12,UA,12266,IAH,93,93,10,0,0
12,UA,13930,ORD,89,89,12,0,0
12,UA,14771,SFO,93,92,24,1,0
12,WN,10423,AUS,31,31,6,0,0
12,WN,10693,BNA,29,29,11,0,0
12,WN,11259,DAL,31,31,7,0,0
12,WN,11292,DEN,133,132,39,1,0
12,WN,12889,LAS,216,216,45,0,0
12,WN,13796,OAK,197,195,33,2,0
12,WN,14107,PHX,227,227,47,0,0
12,WN,14831,SJC,227,226,31,1,0
12,WN,14893,SMF,198,194,26,2,2
