OriginAirportID,Origin,scheduled_flights,eligible_arrivals,delayed_arrivals,cancelled_flights,diverted_flights,arrival_delay_rate,cancellation_rate,diversion_rate
10135,ABE,3037,2981,518,39,17,0.1737671922173767,0.0128416200197563,0.0055976292393809
10136,ABI,1761,1718,312,41,2,0.1816065192083818,0.02328222600795,0.0011357183418512
10140,ABQ,25207,24902,4151,235,70,0.1666934382780499,0.0093228071567421,0.0027770063871146
10141,ABR,754,748,78,6,0,0.1042780748663101,0.0079575596816976,0.0
10146,ABY,890,871,141,18,1,0.1618828932261768,0.0202247191011235,0.0011235955056179
10154,ACK,1582,1506,425,73,3,0.2822045152722444,0.0461441213653603,0.0018963337547408
10155,ACT,1090,1039,230,50,1,0.2213666987487969,0.0458715596330275,0.0009174311926605
10157,ACV,1985,1957,439,19,9,0.2243229432805314,0.0095717884130982,0.0045340050377833
10158,ACY,2671,2643,387,23,5,0.1464245175936435,0.0086110071134406,0.0018719580681392
10165,ADK,105,97,16,8,0,0.1649484536082474,0.0761904761904762,0.0
10170,ADQ,864,832,134,32,0,0.1610576923076923,0.037037037037037,0.0
10185,AEX,1106,1054,253,52,0,0.2400379506641366,0.0470162748643761,0.0
10208,AGS,2298,2230,510,64,4,0.2286995515695067,0.0278503046127067,0.0017406440382941
10245,AKN,166,165,13,1,0,0.0787878787878787,0.0060240963855421,0.0
10257,ALB,12595,12318,2737,232,45,0.2221951615522,0.0184200079396585,0.0035728463676061
10268,ALO,390,380,113,9,1,0.2973684210526315,0.023076923076923,0.0025641025641025
10279,AMA,5227,5107,1000,100,20,0.1958096729978461,0.0191314329443275,0.0038262865888655
10299,ANC,18860,18609,3027,210,41,0.1626632274705787,0.0111346765641569,0.0021739130434782
10333,APN,628,602,85,26,0,0.1411960132890365,0.0414012738853503,0.0
10372,ASE,7685,7207,2476,443,35,0.3435548772027196,0.0576447625243981,0.0045543266102797
10397,ATL,314433,309064,74040,4536,833,0.2395620324592964,0.0144259667401322,0.0026492130278946
10408,ATW,7399,7296,1659,90,13,0.2273848684210526,0.0121638059197188,0.0017569941884038
10409,ATY,304,303,54,1,0,0.1782178217821782,0.0032894736842105,0.0
10423,AUS,86731,85706,19144,831,194,0.2233682589316967,0.0095813492292259,0.0022368011437663
10431,AVL,10243,10038,2448,172,33,0.2438732815301853,0.0167919554817924,0.0032217123889485
10434,AVP,1534,1492,291,38,4,0.1950402144772118,0.0247718383311603,0.0026075619295958
10466,AZA,6521,6488,1024,14,19,0.157829839704069,0.0021469099831314,0.0029136635485355
10469,AZO,1602,1561,304,41,0,0.1947469570787956,0.0255930087390761,0.0
10529,BDL,23108,22663,4843,342,103,0.2136963332303755,0.01480006924009,0.00445733079453
10551,BET,723,699,215,24,0,0.3075822603719599,0.0331950207468879,0.0
10558,BFF,626,610,163,15,1,0.2672131147540983,0.023961661341853,0.0015974440894568
10561,BFL,3054,3025,464,19,10,0.1533884297520661,0.0062213490504256,0.0032743942370661
10577,BGM,226,223,37,2,1,0.1659192825112107,0.0088495575221238,0.0044247787610619
10581,BGR,3656,3515,939,131,10,0.2671408250355618,0.0358315098468271,0.0027352297592997
10599,BHM,16858,16480,3126,326,52,0.1896844660194174,0.0193379997627239,0.0030845889192074
10617,BIH,299,297,56,1,1,0.1885521885521885,0.0033444816053511,0.0033444816053511
10620,BIL,4841,4775,898,42,24,0.1880628272251309,0.0086758934104523,0.0049576533774013
10627,BIS,4270,4210,936,32,28,0.2223277909738717,0.0074941451990632,0.0065573770491803
10631,BJI,728,723,95,5,0,0.1313969571230982,0.0068681318681318,0.0
10666,BLI,2409,2376,343,30,3,0.1443602693602693,0.012453300124533,0.0012453300124533
10676,BLV,1360,1348,404,8,4,0.2997032640949555,0.0058823529411764,0.0029411764705882
10685,BMI,1722,1686,304,30,6,0.1803084223013048,0.0174216027874564,0.0034843205574912
10693,BNA,105241,103635,23289,1346,260,0.2247213779128672,0.0127896922302144,0.0024705200444693
10713,BOI,23524,23362,3751,106,56,0.160559883571612,0.0045060363883693,0.0023805475259309
10721,BOS,142859,140092,33838,2395,372,0.2415412728778231,0.0167647820578332,0.00260396614844
10728,BPT,727,695,138,30,2,0.1985611510791367,0.0412654745529573,0.0027510316368638
10732,BQN,2297,2250,409,30,17,0.1817777777777778,0.0130605137135393,0.0074009577710056
10739,BRD,629,623,102,6,0,0.1637239165329053,0.0095389507154213,0.0
10747,BRO,1567,1509,306,57,1,0.2027833001988071,0.0363752393107849,0.0006381620931716
10754,BRW,360,345,109,15,0,0.3159420289855073,0.0416666666666666,0.0
10779,BTM,708,701,92,5,2,0.1312410841654779,0.0070621468926553,0.0028248587570621
10781,BTR,4535,4386,937,141,8,0.2136342909256726,0.0310915104740904,0.0017640573318632
10785,BTV,6551,6319,1664,205,27,0.2633328058237063,0.0312929323767363,0.0041215081666921
10792,BUF,20657,20182,4345,433,42,0.2152908532355564,0.0209614174371883,0.0020332090816672
10800,BUR,30685,30199,5087,422,64,0.1684492864002119,0.0137526478735538,0.0020857096301124
10821,BWI,96100,94610,21471,1292,198,0.2269421837015114,0.0134443288241415,0.0020603537981269
10849,BZN,11051,10925,2407,82,44,0.2203203661327231,0.0074201429734865,0.0039815401321147
10868,CAE,5520,5326,1109,180,14,0.2082238077356365,0.0326086956521739,0.0025362318840579
10874,CAK,4229,4152,1032,68,9,0.2485549132947976,0.0160794514069519,0.0021281626862142
10918,CDC,628,625,46,3,0,0.0736,0.0047770700636942,0.0
10926,CDV,724,706,93,13,5,0.131728045325779,0.0179558011049723,0.0069060773480662
10980,CHA,5140,4994,1255,130,16,0.2513015618742491,0.0252918287937743,0.003112840466926
10990,CHO,1502,1442,397,51,9,0.2753120665742025,0.0339547270306258,0.0059920106524633
10994,CHS,24634,24020,5038,541,73,0.2097418817651956,0.0219615166030689,0.0029633839408946
11003,CID,8066,7881,1791,165,20,0.227255424438523,0.0204562360525663,0.0024795437639474
11013,CIU,864,849,191,11,4,0.2249705535924617,0.0127314814814814,0.0046296296296296
11027,CKB,205,199,103,5,1,0.5175879396984925,0.024390243902439,0.0048780487804878
11041,CLD,640,637,57,2,1,0.0894819466248037,0.003125,0.0015625
11042,CLE,39967,39139,8001,747,81,0.2044252535833823,0.0186904195961668,0.0020266720044036
11049,CLL,1221,1177,238,44,0,0.2022090059473237,0.036036036036036,0.0
11057,CLT,195425,191629,47357,3340,456,0.2471285661356057,0.0170909556095688,0.0023333759754381
11066,CMH,44403,43630,8976,677,96,0.2057300022920009,0.0152467175641285,0.0021620160799945
11067,CMI,1654,1608,341,42,4,0.2120646766169154,0.0253929866989117,0.0024183796856106
11076,CMX,795,757,214,35,3,0.2826948480845442,0.0440251572327044,0.0037735849056603
11097,COD,930,897,280,21,12,0.3121516164994425,0.0225806451612903,0.0129032258064516
11109,COS,13360,13137,2938,186,37,0.2236431453147598,0.0139221556886227,0.0027694610778443
11111,COU,2489,2390,624,91,8,0.2610878661087866,0.0365608678184009,0.0032141422257934
11122,CPR,2398,2366,607,21,11,0.2565511411665258,0.0087572977481234,0.0045871559633027
11140,CRP,3945,3855,694,83,7,0.1800259403372243,0.0210392902408111,0.0017743979721166
11146,CRW,2902,2806,728,89,7,0.2594440484675695,0.0306685044796691,0.0024121295658166
11193,CVG,33489,32844,7193,546,99,0.2190049933016685,0.0163038609692734,0.0029561945713517
11203,CWA,749,731,180,18,0,0.2462380300957592,0.0240320427236315,0.0
11233,CYS,736,727,161,8,1,0.2214580467675378,0.0108695652173913,0.0013586956521739
11252,DAB,3054,2990,463,53,11,0.1548494983277592,0.0173542894564505,0.0036018336607727
11259,DAL,71366,70145,16761,1051,170,0.2389478936488702,0.0147269007650702,0.0023820867079561
11267,DAY,7928,7725,1681,179,24,0.2176051779935275,0.0225782038345105,0.0030272452068617
11278,DCA,142506,136684,37089,5501,321,0.2713485118960522,0.0386018834294696,0.0022525367352953
11283,DDC,627,610,147,16,1,0.240983606557377,0.0255183413078149,0.0015948963317384
11288,DEC,627,609,170,17,1,0.2791461412151067,0.0271132376395534,0.0015948963317384
11292,DEN,317686,314281,80758,2444,961,0.2569611271441799,0.0076931309532053,0.0030249995278356
11298,DFW,315854,306185,87789,8706,963,0.2867188137890491,0.0275633678851621,0.003048877012797
11308,DHN,52,52,23,0,0,0.4423076923076923,0.0,0.0
11315,DIK,689,673,197,12,4,0.2927191679049034,0.0174165457184325,0.0058055152394775
11336,DLG,114,113,24,1,0,0.2123893805309734,0.0087719298245614,0.0
11337,DLH,2212,2172,450,38,2,0.2071823204419889,0.0171790235081374,0.0009041591320072
11413,DRO,4220,4136,931,67,17,0.2250967117988394,0.0158767772511848,0.0040284360189573
11423,DSM,14773,14405,2900,325,43,0.2013189864630336,0.0219995938536519,0.0029107154944831
11433,DTW,122533,120881,26340,1357,295,0.21790024900522,0.0110745676674854,0.0024075147103229
11447,DVL,652,636,177,11,5,0.2783018867924528,0.0168711656441717,0.0076687116564417
11468,EAR,626,616,106,5,5,0.172077922077922,0.0079872204472843,0.0079872204472843
11471,EAU,627,608,127,17,2,0.2088815789473684,0.0271132376395534,0.0031897926634768
11481,ECP,9043,8866,1748,156,21,0.1971576810286487,0.0172509123078624,0.0023222381952891
11503,EGE,3868,3805,1190,42,21,0.3127463863337713,0.0108583247156153,0.0054291623578076
11525,EKO,504,503,18,1,0,0.0357852882703777,0.0019841269841269,0.0
11537,ELM,1250,1240,246,8,2,0.1983870967741935,0.0064,0.0016
11540,ELP,17011,16770,2893,189,52,0.1725104353011329,0.0111104579389806,0.0030568455705131
11577,ERI,39,38,8,0,1,0.2105263157894736,0.0,0.0256410256410256
11587,ESC,628,607,84,21,0,0.1383855024711696,0.0334394904458598,0.0
11603,EUG,8279,8200,1418,57,22,0.1729268292682926,0.0068848894794057,0.0026573257639811
11612,EVV,1934,1874,443,51,9,0.2363927427961579,0.0263702171664943,0.0046535677352637
11617,EWN,294,291,61,2,1,0.2096219931271477,0.0068027210884353,0.0034013605442176
11618,EWR,120286,116940,29538,3028,318,0.2525910723447922,0.0251733368804349,0.0026436991836123
11624,EYW,7760,7587,1819,97,76,0.2397522077237379,0.0125,0.0097938144329896
11630,FAI,3759,3726,596,33,0,0.1599570585077831,0.00877893056664,0.0
11637,FAR,6995,6912,1571,63,20,0.2272858796296296,0.0090064331665475,0.0028591851322373
11638,FAT,13341,13208,2383,99,34,0.1804209569957601,0.0074207330784798,0.0025485345926092
11641,FAY,354,348,56,5,1,0.160919540229885,0.0141242937853107,0.0028248587570621
11648,FCA,4340,4295,807,25,20,0.1878928987194412,0.0057603686635944,0.0046082949308755
11695,FLG,1729,1696,342,30,3,0.2016509433962264,0.0173510699826489,0.0017351069982648
11697,FLL,87585,86218,20679,1092,275,0.2398455078985826,0.012467888337044,0.0031398070445852
11711,FMN,237,236,40,1,0,0.1694915254237288,0.0042194092827004,0.0
11721,FNT,3315,3264,855,42,9,0.2619485294117647,0.0126696832579185,0.0027149321266968
11725,FOD,627,602,124,24,1,0.2059800664451827,0.0382775119617224,0.0015948963317384
11775,FSD,7398,7258,1875,109,31,0.2583356296500413,0.0147337118140037,0.0041903217085698
11778,FSM,1169,1119,199,47,3,0.1778373547810545,0.0402053036783575,0.0025662959794696
11823,FWA,6614,6468,1737,124,22,0.2685528756957328,0.0187481100695494,0.0033262775929845
11865,GCC,730,714,156,14,2,0.2184873949579832,0.0191780821917808,0.0027397260273972
11867,GCK,729,705,154,22,2,0.2184397163120567,0.0301783264746227,0.0027434842249657
11884,GEG,18202,18070,2879,88,44,0.1593248478140564,0.004834633556752,0.002417316778376
11898,GFK,816,808,125,8,0,0.1547029702970297,0.0098039215686274,0.0
11905,GGG,727,702,141,24,1,0.2008547008547008,0.0330123796423658,0.0013755158184319
11921,GJT,4699,4626,935,56,17,0.2021184608733247,0.0119174292402638,0.0036177910193658
11953,GNV,2714,2660,378,48,6,0.1421052631578947,0.0176860722181282,0.002210759027266
11973,GPT,3361,3243,527,111,7,0.1625038544557508,0.0330258851532282,0.0020827134781315
11977,GRB,4294,4207,924,84,3,0.2196339434276206,0.0195621797857475,0.0006986492780624
11980,GRI,989,963,203,24,2,0.2107995846313603,0.0242669362992922,0.0020222446916076
11982,GRK,1811,1742,364,65,4,0.208955223880597,0.0358917725013804,0.0022087244616234
11986,GRR,18592,18287,4125,265,40,0.2255700771039536,0.0142534423407917,0.0021514629948364
11995,GSO,10368,10085,1897,266,17,0.1881011403073872,0.0256558641975308,0.0016396604938271
11996,GSP,14179,13839,2660,299,41,0.1922104198280222,0.0210875238028069,0.0028916002538966
11997,GST,86,83,15,3,0,0.180722891566265,0.0348837209302325,0.0
12003,GTF,2444,2431,318,8,5,0.1308103661044837,0.0032733224222585,0.0020458265139116
12007,GTR,243,238,62,3,2,0.2605042016806723,0.0123456790123456,0.0082304526748971
12012,GUC,1138,1126,287,5,7,0.2548845470692717,0.0043936731107205,0.0061511423550087
12016,GUM,732,726,47,5,1,0.0647382920110192,0.0068306010928961,0.0013661202185792
12094,HDN,2313,2269,609,35,9,0.2684001762891141,0.0151318633808906,0.0038910505836575
12119,HGR,316,308,153,6,2,0.4967532467532468,0.0189873417721519,0.0063291139240506
12124,HHH,2185,2116,394,47,22,0.1862003780718336,0.0215102974828375,0.0100686498855835
12129,HIB,627,620,102,7,0,0.164516129032258,0.011164274322169,0.0
12156,HLN,1680,1651,311,16,13,0.1883706844336765,0.0095238095238095,0.0077380952380952
12173,HNL,58873,58346,8220,459,68,0.1408836938264833,0.0077964431912761,0.0011550286209297
12177,HOB,730,714,155,12,4,0.2170868347338935,0.0164383561643835,0.0054794520547945
12191,HOU,55255,54501,11408,648,106,0.2093172602337571,0.011727445480047,0.0019183784272916
12197,HPN,10794,10451,2407,281,62,0.2303128887187829,0.0260329812858995,0.0057439318139707
12206,HRL,4307,4178,709,122,7,0.1696984202967927,0.0283259809612259,0.0016252612026932
12217,HSV,8550,8278,1996,244,28,0.2411210437303696,0.0285380116959064,0.0032748538011695
12223,HTS,540,531,234,6,3,0.4406779661016949,0.0111111111111111,0.0055555555555555
12250,HYA,380,364,103,13,3,0.2829670329670329,0.0342105263157894,0.0078947368421052
12255,HYS,627,608,122,18,1,0.2006578947368421,0.0287081339712918,0.0015948963317384
12264,IAD,57546,56790,12038,612,144,0.2119739390737806,0.0106349702846418,0.0025023459493274
12265,IAG,474,466,142,6,2,0.3047210300429184,0.0126582278481012,0.0042194092827004
12266,IAH,117259,115404,26359,1513,342,0.2284062944092059,0.0129030607458702,0.0029166204726289
12278,ICT,11164,10856,2421,277,31,0.2230103168754605,0.0248118953780007,0.0027767825152275
12280,IDA,4419,4354,881,38,27,0.2023426734037666,0.0085992305951572,0.0061099796334012
12323,ILM,7416,7177,1437,224,15,0.2002229343736937,0.0302049622437971,0.0020226537216828
12335,IMT,727,712,152,15,0,0.2134831460674157,0.0206327372764786,0.0
12339,IND,47346,46473,9149,771,102,0.1968669980418737,0.0162843746039792,0.0021543530604486
12343,INL,658,650,74,8,0,0.1138461538461538,0.0121580547112462,0.0
12391,ISP,5283,5207,1246,54,22,0.239293259074323,0.0102214650766609,0.0041643005867878
12397,ITH,4,4,0,0,0,0.0,0.0,0.0
12402,ITO,6649,6603,701,45,1,0.1061638649098894,0.0067679350278237,0.0001503985561738
12441,JAC,6386,6237,1629,90,59,0.2611832611832612,0.0140933291575321,0.0092389602254932
12448,JAN,6118,5953,1127,156,9,0.1893163111036452,0.0254985289310232,0.0014710689767898
12451,JAX,28322,27761,5648,485,76,0.2034508843341378,0.0171244968575665,0.0026834263117011
12478,JFK,104760,102370,25449,2116,273,0.2485982221353912,0.0201985490645284,0.0026059564719358
12511,JLN,726,699,193,23,4,0.2761087267525036,0.0316804407713498,0.0055096418732782
12519,JMS,652,638,128,11,3,0.2006269592476489,0.0168711656441717,0.004601226993865
12523,JNU,4703,4580,725,89,34,0.158296943231441,0.018924091005741,0.0072294280246651
12544,USA,710,703,318,6,1,0.4523470839260313,0.0084507042253521,0.0014084507042253
12559,JST,727,703,174,23,1,0.2475106685633001,0.0316368638239339,0.0013755158184319
12758,KOA,15796,15621,1933,153,22,0.1237436783816657,0.0096859964547986,0.0013927576601671
12819,KTN,2388,2325,441,59,4,0.1896774193548387,0.0247068676716917,0.0016750418760469
12878,LAF,236,231,48,5,0,0.2077922077922078,0.0211864406779661,0.0
12884,LAN,1965,1912,445,50,3,0.2327405857740585,0.0254452926208651,0.0015267175572519
12888,LAR,627,603,170,24,0,0.2819237147595356,0.0382775119617224,0.0
12889,LAS,183803,181901,37799,1374,528,0.2077998471696142,0.007475394852097,0.0028726408165263
12891,LAW,1088,1030,268,57,1,0.2601941747572815,0.0523897058823529,0.0009191176470588
12892,LAX,190472,188578,33123,1315,579,0.1756461517250156,0.0069039018858414,0.0030398168759712
12896,LBB,6576,6433,1254,113,30,0.1949323799160578,0.0171836982968369,0.0045620437956204
12898,LBE,492,483,97,7,2,0.2008281573498964,0.0142276422764227,0.0040650406504065
12899,LBF,626,609,150,15,2,0.2463054187192118,0.023961661341853,0.0031948881789137
12902,LBL,627,611,155,16,0,0.2536824877250409,0.0255183413078149,0.0
12915,LCH,1186,1129,281,56,1,0.2488928255093002,0.0472175379426644,0.0008431703204047
12917,LCK,1170,1159,360,6,5,0.3106125970664365,0.0051282051282051,0.0042735042735042
12945,LEX,9373,9160,2057,193,20,0.2245633187772925,0.0205910594260108,0.0021337885415555
12951,LFT,2674,2575,626,91,8,0.2431067961165048,0.0340314136125654,0.0029917726252804
12953,LGA,135725,131177,34688,4123,425,0.2644366009285164,0.0303776017682814,0.0031313317369681
12954,LGB,16724,16619,2276,79,26,0.1369516818099765,0.0047237502989715,0.0015546519971298
12982,LIH,15664,15493,2099,152,19,0.1354805395985283,0.0097037793667007,0.0012129724208375
12992,LIT,12782,12498,2852,259,25,0.2281965114418307,0.02026286966046,0.0019558754498513
13029,LNK,2865,2804,701,46,15,0.25,0.0160558464223385,0.0052356020942408
13061,LRD,1776,1703,337,69,4,0.1978860833822666,0.0388513513513513,0.0022522522522522
13076,LSE,891,867,167,24,0,0.1926182237600922,0.0269360269360269,0.0
13127,LWS,761,757,64,2,2,0.0845442536327609,0.0026281208935611,0.0026281208935611
13158,MAF,9881,9703,1732,144,34,0.1785014943831804,0.0145734237425361,0.0034409472725432
13184,MBS,2305,2264,533,39,2,0.2354240282685512,0.0169197396963123,0.0008676789587852
13198,MCI,48228,47324,9877,782,122,0.2087101682021807,0.016214647092975,0.0025296508252467
13204,MCO,160048,157950,38735,1668,430,0.245235834124723,0.0104218734379686,0.0026866939918024
13211,MCW,627,595,164,31,1,0.2756302521008403,0.0494417862838915,0.0015948963317384
13230,MDT,5069,4994,1070,66,9,0.2142571085302362,0.0130203195896626,0.001775498125863
13232,MDW,74017,73026,16289,799,192,0.2230575411497275,0.0107948174068119,0.0025939986759798
13241,MEI,627,617,127,9,1,0.2058346839546191,0.0143540669856459,0.0015948963317384
13244,MEM,24002,23539,4756,399,64,0.2020476655762776,0.0166236146987751,0.0026664444629614
13256,MFE,4864,4759,962,93,12,0.2021433074175247,0.0191200657894736,0.0024671052631578
13264,MFR,4613,4554,647,50,9,0.1420729029424681,0.0108389334489486,0.0019510080208107
13277,MGM,2113,2018,609,84,11,0.3017839444995044,0.0397539044013251,0.0052058684335068
13282,MGW,727,695,155,31,1,0.2230215827338129,0.0426409903713892,0.0013755158184319
13290,MHK,1563,1503,300,57,3,0.1996007984031936,0.036468330134357,0.0019193857965451
13296,MHT,5979,5805,1235,151,23,0.2127476313522825,0.0252550593744773,0.0038467971232647
13303,MIA,111907,110113,28671,1419,375,0.2603779753525923,0.0126801719284763,0.003350996809851
13342,MKE,27669,27152,5648,447,70,0.2080141426045963,0.0161552640138783,0.0025299071162673
13360,MLB,2942,2884,523,52,6,0.1813453536754507,0.0176750509857239,0.0020394289598912
13367,MLI,4204,4097,960,97,10,0.2343177935074444,0.0230732635585157,0.0023786869647954
13377,MLU,1087,1050,226,37,0,0.2152380952380952,0.0340386384544618,0.0
13422,MOB,1711,1634,357,70,7,0.2184822521419828,0.0409117475160724,0.0040911747516072
13433,MOT,2841,2792,582,41,8,0.2084527220630372,0.0144315381907778,0.0028159098908834
13459,MQT,1353,1312,286,41,0,0.2179878048780487,0.0303030303030303,0.0
13476,MRY,4866,4801,786,51,14,0.1637158925223911,0.0104808877928483,0.0028771064529387
13485,MSN,12771,12505,2576,218,48,0.2059976009596161,0.0170699240466682,0.0037585153864223
13486,MSO,4490,4432,916,32,26,0.2066787003610108,0.0071269487750556,0.0057906458797327
13487,MSP,112931,111700,22725,926,305,0.2034467323187108,0.0081996971602128,0.0027007641834394
13495,MSY,51121,50063,10721,912,146,0.2141501707848111,0.0178400266035484,0.002855969171182
13502,MTJ,2419,2391,573,19,9,0.2396486825595985,0.0078544853245142,0.003720545680033
13541,MVY,1070,1023,285,43,4,0.2785923753665689,0.0401869158878504,0.0037383177570093
13577,MYR,14532,14177,3051,326,29,0.2152077308316287,0.0224332507569501,0.0019955959262317
13795,OAJ,351,331,52,19,1,0.1570996978851963,0.0541310541310541,0.0028490028490028
13796,OAK,34591,34305,5819,223,63,0.169625419035126,0.0064467636090312,0.0018212829926859
13830,OGG,25505,25245,3515,221,39,0.1392354921766686,0.0086649676534012,0.0015291119388355
13851,OKC,24190,23774,4889,343,73,0.2056448220745352,0.0141794129805704,0.0030177759404712
13871,OMA,24648,24274,4583,320,54,0.1888028343083134,0.0129827977929243,0.0021908471275559
13873,OME,358,348,69,10,0,0.1982758620689655,0.0279329608938547,0.0
13891,ONT,26162,25866,4358,239,57,0.1684837238073146,0.0091353872028132,0.0021787325128048
13930,ORD,327028,320418,84927,5656,954,0.2650506525850608,0.0172951551549102,0.0029171814034272
13931,ORF,19872,19383,4179,456,33,0.2156013001083423,0.0229468599033816,0.0016606280193236
13933,ORH,962,934,242,22,6,0.2591006423982869,0.0228690228690228,0.0062370062370062
13964,OTH,473,466,104,2,5,0.223175965665236,0.0042283298097251,0.0105708245243128
13970,OTZ,363,349,36,14,0,0.1031518624641833,0.0385674931129476,0.0
14004,PAE,1121,1103,187,11,7,0.1695376246600181,0.0098126672613737,0.0062444246208742
14025,PBG,537,526,148,11,0,0.2813688212927757,0.0204841713221601,0.0
14027,PBI,30785,30181,7574,477,127,0.25095258606408,0.0154945590384927,0.0041253857398083
14057,PDX,61159,60559,10698,438,162,0.1766541719645304,0.0071616605896106,0.0026488333687601
14082,PGD,7712,7663,1536,30,19,0.2004436904606551,0.0038900414937759,0.002463692946058
14098,PHF,3,3,0,0,0,0.0,0.0,0.0
14100,PHL,97519,95211,25102,2039,269,0.2636460072890737,0.0209087459879613,0.0027584368174407
14107,PHX,196756,194840,38232,1406,510,0.1962225415725723,0.0071459066051352,0.0025920429364288
14108,PIA,5435,5301,1397,125,9,0.2635351820411243,0.0229990800367985,0.0016559337626494
14109,PIB,627,615,108,12,0,0.1756097560975609,0.0191387559808612,0.0
14112,PIE,9415,9339,2318,45,31,0.2482064460863047,0.0047796070100902,0.0032926181625066
14113,PIH,551,549,31,2,0,0.0564663023679417,0.0036297640653357,0.0
14120,PIR,297,291,55,6,0,0.1890034364261168,0.0202020202020202,0.0
14122,PIT,43176,42466,8249,629,81,0.1942495172608675,0.014568278673337,0.001876042245692
14150,PLN,925,885,193,36,4,0.2180790960451977,0.0389189189189189,0.0043243243243243
14193,PNS,13884,13515,2628,331,38,0.1944506104328524,0.0238403918179199,0.0027369634111207
14222,PPG,150,148,21,2,0,0.1418918918918918,0.0133333333333333,0.0
14231,PQI,365,363,18,2,0,0.0495867768595041,0.0054794520547945,0.0
14237,PRC,794,785,181,7,2,0.2305732484076433,0.008816120906801,0.0025188916876574
14252,PSC,6445,6408,733,22,15,0.1143882646691635,0.0034134988363072,0.0023273855702094
14254,PSE,688,680,67,7,1,0.0985294117647058,0.0101744186046511,0.001453488372093
14256,PSG,724,700,83,22,2,0.1185714285714285,0.0303867403314917,0.0027624309392265
14259,PSM,506,506,114,0,0,0.225296442687747,0.0,0.0
14262,PSP,14930,14795,2752,95,40,0.1860087867522811,0.0063630274614869,0.0026791694574681
14307,PVD,15528,15192,3283,304,32,0.216100579252238,0.0195775373518804,0.0020607934054611
14314,PVU,2978,2938,537,23,17,0.1827773995915589,0.0077233042310275,0.0057085292142377
14321,PWM,10750,10468,2246,242,40,0.2145586549484142,0.0225116279069767,0.0037209302325581
14457,RAP,5250,5140,1238,83,27,0.2408560311284046,0.0158095238095238,0.0051428571428571
14487,RDD,1698,1674,335,21,3,0.2001194743130227,0.0123674911660777,0.0017667844522968
14489,RDM,6165,6105,1026,43,17,0.168058968058968,0.0069748580697485,0.002757502027575
14492,RDU,55383,54330,11375,941,112,0.2093686729247193,0.0169907733420002,0.002022281205424
14512,RFD,935,932,258,3,0,0.2768240343347639,0.0032085561497326,0.0
14520,RHI,925,902,146,22,1,0.1618625277161862,0.0237837837837837,0.001081081081081
14524,RIC,17877,17460,3910,373,44,0.2239404352806414,0.0208647983442412,0.00246126307546
14534,RIW,729,718,121,5,6,0.1685236768802228,0.0068587105624142,0.0082304526748971
14543,RKS,729,721,137,4,4,0.1900138696255201,0.0054869684499314,0.0054869684499314
14570,RNO,20927,20640,3735,246,41,0.1809593023255813,0.0117551488507669,0.0019591914751278
14574,ROA,1772,1716,524,51,5,0.3053613053613053,0.0287810383747178,0.0028216704288939
14576,ROC,10084,9869,2280,201,14,0.231026446448475,0.0199325664418881,0.0013883379611265
14588,ROW,948,912,195,34,2,0.2138157894736842,0.0358649789029535,0.0021097046413502
14633,RST,1053,1026,321,27,0,0.3128654970760234,0.0256410256410256,0.0
14635,RSW,35222,34660,7240,459,103,0.2088863242931333,0.0130316279597978,0.0029243086707171
14674,SAF,3681,3609,856,59,13,0.2371848157384317,0.0160282531920673,0.0035316490084216
14679,SAN,96925,95509,20903,1109,307,0.2188589557005099,0.0114418364714985,0.0031673974722723
14683,SAT,41810,41200,7274,492,118,0.1765533980582524,0.0117675197321215,0.0028222913178665
14685,SAV,19299,18830,3934,427,42,0.2089219330855018,0.0221254987305041,0.0021762785636561
14689,SBA,8236,8130,1567,96,10,0.1927429274292743,0.0116561437591063,0.0012141816415735
14696,SBN,7848,7676,1979,146,26,0.2578165711307973,0.0186034658511722,0.0033129459734964
14698,SBP,5397,5312,1146,72,13,0.2157379518072289,0.0133407448582545,0.002408745599407
14709,SCC,537,532,61,5,0,0.1146616541353383,0.0093109869646182,0.0
14711,SCE,471,458,116,9,4,0.2532751091703056,0.019108280254777,0.0084925690021231
14716,SCK,564,555,180,7,2,0.3243243243243243,0.0124113475177304,0.0035460992907801
14730,SDF,23039,22518,4355,466,55,0.1934008348876454,0.0202265723338686,0.0023872563913364
14747,SEA,164835,162971,36174,1348,516,0.2219658712286235,0.0081778748445415,0.0031304031304031
14761,SFB,10495,10420,3220,46,29,0.3090211132437619,0.0043830395426393,0.0027632205812291
14771,SFO,144495,142973,28285,1080,442,0.1978345561749421,0.0074743070694487,0.0030589293747188
14783,SGF,9247,9066,2355,155,26,0.2597617471872931,0.0167621931437222,0.0028117227208824
14794,SGU,4539,4513,637,5,21,0.1411477952581431,0.001101564221194,0.0046265697290152
14812,SHR,735,716,165,11,8,0.2304469273743016,0.0149659863945578,0.0108843537414965
14814,SHV,5952,5797,1345,142,13,0.232016560289805,0.0238575268817204,0.0021841397849462
14828,SIT,1329,1295,235,20,14,0.1814671814671814,0.0150489089541008,0.0105342362678705
14831,SJC,45902,45520,7247,286,96,0.1592047451669595,0.0062306653304866,0.0020914121389046
14842,SJT,1089,1037,222,49,3,0.2140790742526518,0.0449954086317722,0.0027548209366391
14843,SJU,35706,35232,7394,320,154,0.2098660308810172,0.0089620792023749,0.0043130006161429
14869,SLC,116298,115369,18274,596,333,0.1583961029392644,0.0051247656881459,0.0028633338492493
14877,SLN,969,946,226,16,7,0.2389006342494714,0.0165118679050567,0.0072239422084623
14893,SMF,57928,57424,9862,364,140,0.1717400390080802,0.0062836624775583,0.0024167932605993
14905,SMX,258,254,59,4,0,0.2322834645669291,0.0155038759689922,0.0
14908,SNA,44997,44395,8207,471,131,0.1848631602657957,0.010467364490966,0.0029113051981243
14952,SPI,626,609,139,17,0,0.2282430213464696,0.0271565495207667,0.0
14955,SPN,367,366,20,1,0,0.0546448087431694,0.0027247956403269,0.0
14960,SPS,729,700,148,29,0,0.2114285714285714,0.0397805212620027,0.0
14986,SRQ,17228,16985,3343,195,48,0.1968207241683838,0.0113187833758996,0.0027861620617599
15008,STC,176,176,53,0,0,0.3011363636363636,0.0,0.0
15016,STL,64202,63152,13389,887,163,0.2120122878135292,0.0138157689791595,0.0025388617177034
15023,STS,4668,4569,1119,84,15,0.2449113591595535,0.0179948586118251,0.0032133676092544
15024,STT,5044,4906,840,47,91,0.1712189156135344,0.0093180015860428,0.018041237113402
15027,STX,1374,1360,308,8,6,0.2264705882352941,0.0058224163027656,0.0043668122270742
15041,SUN,2504,2471,351,24,9,0.1420477539457709,0.0095846645367412,0.0035942492012779
15048,SUX,729,711,237,13,5,0.3333333333333333,0.017832647462277,0.0068587105624142
15070,SWF,611,600,182,8,3,0.3033333333333333,0.0130932896890343,0.0049099836333878
15074,SWO,729,700,138,27,2,0.1971428571428571,0.037037037037037,0.0027434842249657
15096,SYR,10393,10130,2454,238,25,0.2422507403751234,0.0229000288655826,0.0024054652169729
15249,TLH,4516,4400,807,105,11,0.1834090909090909,0.0232506643046944,0.0024357838795394
15295,TOL,396,393,160,2,1,0.4071246819338422,0.005050505050505,0.0025252525252525
15304,TPA,79433,78251,17490,962,220,0.2235115206195448,0.0121108355469389,0.0027696297508592
15323,TRI,1318,1299,321,16,3,0.2471131639722864,0.0121396054628224,0.0022761760242792
15356,TTN,1091,1060,228,26,5,0.2150943396226415,0.0238313473877176,0.0045829514207149
15370,TUL,18410,18037,3510,328,45,0.1945999889116815,0.0178164041281912,0.0024443237370994
15376,TUS,20152,19923,3066,191,38,0.1538924860713748,0.0094779674473997,0.0018856689162366
15380,TVC,5196,5069,1521,112,15,0.3000591832708621,0.0215550423402617,0.0028868360277136
15389,TWF,716,715,35,0,1,0.0489510489510489,0.0,0.0013966480446927
15401,TXK,727,700,132,26,1,0.1885714285714285,0.0357634112792297,0.0013755158184319
15411,TYR,1089,1044,254,44,1,0.2432950191570881,0.0404040404040404,0.0009182736455463
15412,TYS,13267,12954,3119,262,51,0.2407750501775513,0.019748247531469,0.0038441245194844
15569,VCT,596,573,121,22,1,0.2111692844677138,0.0369127516778523,0.0016778523489932
15624,VPS,10696,10501,2039,169,26,0.1941719836206075,0.0158002991772625,0.0024308152580403
15628,VRB,42,41,21,1,0,0.5121951219512195,0.0238095238095238,0.0
15841,WRG,724,700,98,15,9,0.14,0.0207182320441988,0.0124309392265193
15897,WYS,336,323,60,2,11,0.1857585139318885,0.0059523809523809,0.0327380952380952
15919,XNA,12780,12504,2745,247,29,0.2195297504798464,0.0193270735524256,0.0022691705790297
15991,YAK,724,697,73,21,6,0.1047345767575322,0.0290055248618784,0.0082872928176795
16218,YUM,1683,1654,245,21,8,0.1481257557436517,0.0124777183600713,0.0047534165181224
16422,GUF,327,323,60,4,0,0.1857585139318885,0.0122324159021406,0.0
16869,XWA,2376,2330,566,24,22,0.2429184549356223,0.0101010101010101,0.0092592592592592
