city,state,scheduled_flights,eligible_arrivals,delayed_arrivals,cancelled_flights,diverted_flights,airports,latitude,longitude,arrival_delay_rate,cancellation_rate,diversion_rate
"Chicago, IL",IL,401045,393444,101216,6455,1146,"MDW, ORD",41.94167290930177,-87.87934617356076,0.25725643293581807,0.0160954506352155,0.0028575346906207534
"Denver, CO",CO,317686,314281,80758,2444,961,DEN,39.8613813860245,-104.67248499204901,0.2569611271441799,0.0076931309532053665,0.0030249995278356615
"Dallas/Fort Worth, TX",TX,315854,306185,87789,8706,963,DFW,32.89722222,-97.03777778,0.2867188137890491,0.027563367885162133,0.003048877012797052
"Atlanta, GA",GA,314433,309064,74040,4536,833,ATL,33.63666667,-84.42791996917474,0.23956203245929647,0.014425966740132239,0.002649213027894655
"New York, NY",NY,240485,233547,60137,6239,698,"JFK, LGA",40.71744551971848,-73.83160015129259,0.25749420887444496,0.025943406033640353,0.002902467929392686
"Phoenix, AZ",AZ,203277,201328,39256,1420,529,"AZA, PHX",33.42985234555695,-112.0003687371032,0.19498529762377811,0.006985541896033491,0.002602360326057547
"Washington, DC",VA,200052,193474,49127,6113,465,"DCA, IAD",38.88030052388114,-77.15947699638738,0.25392042341606624,0.03055705516565693,0.0023243956571291466
"Charlotte, NC",NC,195425,191629,47357,3340,456,CLT,35.213345423915825,-80.9500965784682,0.24712856613560577,0.01709095560956889,0.0023333759754381477
"Los Angeles, CA",CA,190472,188578,33123,1315,579,LAX,33.94278132968983,-118.40847754947083,0.17564615172501563,0.006903901885841488,0.0030398168759712715
"Las Vegas, NV",NV,183803,181901,37799,1374,528,LAS,36.08,-115.15222222,0.20779984716961425,0.007475394852097082,0.0028726408165263896
"Houston, TX",TX,172514,169905,37767,2161,448,"HOU, IAH",29.876421238283907,-95.3207402612534,0.222283040522645,0.012526519586816142,0.0025968906871326387
"Seattle, WA",WA,164835,162971,36174,1348,516,SEA,47.45,-122.31166667,0.2219658712286235,0.008177874844541511,0.0031304031304031305
"Orlando, FL",FL,160048,157950,38735,1668,430,MCO,28.42930851409883,-81.30780145342985,0.24523583412472302,0.01042187343796861,0.002686693991802459
"San Francisco, CA",CA,144495,142973,28285,1080,442,SFO,37.61888889,-122.37555556000001,0.1978345561749421,0.00747430706944877,0.0030589293747188486
"Boston, MA",MA,142859,140092,33838,2395,372,BOS,42.36305556,-71.00666985575994,0.24154127287782315,0.016764782057833248,0.0026039661484400702
"Detroit, MI",MI,122533,120881,26340,1357,295,DTW,42.2125,-83.35333333,0.21790024900522,0.011074567667485494,0.002407514710322933
"Newark, NJ",NJ,120286,116940,29538,3028,318,EWR,40.69307701309596,-74.16861111,0.2525910723447922,0.025173336880434962,0.0026436991836123903
"Salt Lake City, UT",UT,116298,115369,18274,596,333,SLC,40.78833332999999,-111.97777778,0.15839610293926445,0.00512476568814597,0.0028633338492493423
"Minneapolis, MN",MN,112931,111700,22725,926,305,MSP,44.88194444,-93.22166667,0.20344673231871083,0.008199697160212873,0.0027007641834394455
"Miami, FL",FL,111907,110113,28671,1419,375,MIA,25.795674007724536,-80.28986792250691,0.26037797535259233,0.012680171928476324,0.003350996809851037
"Nashville, TN",TN,105241,103635,23289,1346,260,BNA,36.12415609413052,-86.67791138447012,0.22472137791286728,0.01278969223021446,0.002470520044469361
"Philadelphia, PA",PA,97519,95211,25102,2039,269,PHL,39.87309820210923,-75.23853648279874,0.2636460072890737,0.02090874598796132,0.002758436817440704
"San Diego, CA",CA,96925,95509,20903,1109,307,SAN,32.73361111,-117.18972222,0.2188589557005099,0.011441836471498582,0.0031673974722723755
"Baltimore, MD",MD,96100,94610,21471,1292,198,BWI,39.17583333,-76.66888889,0.22694218370151148,0.013444328824141519,0.0020603537981269513
"Fort Lauderdale, FL",FL,87585,86218,20679,1092,275,FLL,26.071532659426044,-80.14958820942604,0.23984550789858267,0.012467888337044014,0.00313980704458526
"Austin, TX",TX,86731,85706,19144,831,194,AUS,30.194444440000005,-97.67,0.22336825893169673,0.009581349229225997,0.0022368011437663583
"Tampa, FL",FL,79433,78251,17490,962,220,TPA,27.97555556,-82.53333333,0.2235115206195448,0.01211083554693893,0.0027696297508592147
"Dallas, TX",TX,71366,70145,16761,1051,170,DAL,32.84597176459742,-96.85083333,0.2389478936488702,0.014726900765070201,0.0023820867079561697
"St. Louis, MO",MO,64202,63152,13389,887,163,STL,38.74861111,-90.37,0.21201228781352927,0.013815768979159529,0.0025388617177034985
"Portland, OR",OR,61159,60559,10698,438,162,PDX,45.58861111,-122.59753327419153,0.17665417196453045,0.007161660589610687,0.0026488333687601172
"Honolulu, HI",HI,58873,58346,8220,459,68,HNL,21.31777778,-157.92027778,0.14088369382648339,0.0077964431912761365,0.001155028620929798
"Sacramento, CA",CA,57928,57424,9862,364,140,SMF,38.69555556,-121.59083333,0.17174003900808024,0.0062836624775583485,0.0024167932605993645
"Raleigh/Durham, NC",NC,55383,54330,11375,941,112,RDU,35.87677509781323,-78.78649732296986,0.2093686729247193,0.01699077334200025,0.002022281205424047
"New Orleans, LA",LA,51121,50063,10721,912,146,MSY,29.991197919204435,-90.25476237922831,0.21415017078481113,0.017840026603548442,0.0028559691711820974
"Kansas City, MO",MO,48228,47324,9877,782,122,MCI,39.29735818405989,-94.71360525811977,0.20871016820218072,0.016214647092975036,0.0025296508252467447
"Indianapolis, IN",IN,47346,46473,9149,771,102,IND,39.71722222,-86.29472222,0.19686699804187377,0.016284374603979218,0.002154353060448612
"San Jose, CA",CA,45902,45520,7247,286,96,SJC,37.36305556,-121.92861111000002,0.15920474516695957,0.006230665330486689,0.002091412138904623
"Columbus, OH",OH,45573,44789,9336,683,101,"CMH, LCK",39.99224483730762,-82.89313504130209,0.20844403759851748,0.014986944023873785,0.002216224518903737
"Santa Ana, CA",CA,44997,44395,8207,471,131,SNA,33.67584104531347,-117.86804784468653,0.1848631602657957,0.010467364490966065,0.0029113051981243194
"Pittsburgh, PA",PA,43176,42466,8249,629,81,PIT,40.49138889,-80.23277778,0.1942495172608675,0.01456827867333704,0.0018760422456920512
"San Antonio, TX",TX,41810,41200,7274,492,118,SAT,29.534029480829467,-98.46930725576824,0.17655339805825243,0.011767519732121501,0.0028222913178665393
"Cleveland, OH",OH,39967,39139,8001,747,81,CLE,41.409866708413446,-81.85401844437811,0.20442525358338232,0.018690419596166838,0.002026672004403633
"San Juan, PR",PR,35706,35232,7394,320,154,SJU,18.43944444,-66.00222222,0.20986603088101727,0.008962079202374951,0.004313000616142945
"Fort Myers, FL",FL,35222,34660,7240,459,103,RSW,26.53611111,-81.75527778,0.2088863242931333,0.013031627959797853,0.0029243086707171654
"Oakland, CA",CA,34591,34305,5819,223,63,OAK,37.72138889,-122.22111111,0.16962541903512607,0.006446763609031251,0.0018212829926859588
"Cincinnati, OH",KY,33489,32844,7193,546,99,CVG,39.04888889,-84.66777778000001,0.2190049933016685,0.01630386096927349,0.002956194571351787
"West Palm Beach/Palm Beach, FL",FL,30785,30181,7574,477,127,PBI,26.68305556,-80.09555556,0.25095258606408005,0.015494559038492773,0.004125385739808348
"Burbank, CA",CA,30685,30199,5087,422,64,BUR,34.20055556,-118.35861111,0.16844928640021192,0.013752647873553854,0.002085709630112433
"Jacksonville, FL",FL,28322,27761,5648,485,76,JAX,30.494446524242285,-81.69617348786738,0.20345088433413783,0.017124496857566555,0.002683426311701151
"Milwaukee, WI",WI,27669,27152,5648,447,70,MKE,42.94694444,-87.89694444,0.20801414260459636,0.01615526401387835,0.0025299071162673027
"Ontario, CA",CA,26162,25866,4358,239,57,ONT,34.05611111,-117.60111111,0.16848372380731463,0.00913538720281324,0.0021787325128048316
"Kahului, HI",HI,25505,25245,3515,221,39,OGG,20.900679660305432,-156.42834910534796,0.13923549217666864,0.008664967653401294,0.0015291119388355224
"Albuquerque, NM",NM,25207,24902,4151,235,70,ABQ,35.03845891856429,-106.60919327803111,0.16669343827804994,0.009322807156742175,0.0027770063871146904
"Omaha, NE",NE,24648,24274,4583,320,54,OMA,41.30305556,-95.89402380173239,0.18880283430831343,0.012982797792924375,0.0021908471275559884
"Charleston, SC",SC,24634,24020,5038,541,73,CHS,32.89861111,-80.04055556,0.20974188176519568,0.02196151660306893,0.0029633839408946985
"Oklahoma City, OK",OK,24190,23774,4889,343,73,OKC,35.39276939722199,-97.60154873179413,0.20564482207453522,0.014179412980570483,0.0030177759404712693
"Memphis, TN",TN,24002,23539,4756,399,64,MEM,35.04264777821932,-89.97666666999999,0.20204766557627768,0.016623614698775102,0.00266644446296142
"Boise, ID",ID,23524,23362,3751,106,56,BOI,43.56444444,-116.22277778000002,0.16055988357161202,0.004506036388369325,0.002380547525930964
"Hartford, CT",CT,23108,22663,4843,342,103,BDL,41.93916667,-72.68444444,0.2136963332303755,0.014800069240090013,0.004457330794530033
"Louisville, KY",KY,23039,22518,4355,466,55,SDF,38.17416667,-85.73638889,0.19340083488764545,0.020226572333868657,0.0023872563913364293
"Reno, NV",NV,20927,20640,3735,246,41,RNO,39.49916667,-119.76805555999998,0.18095930232558138,0.011755148850766952,0.0019591914751278254
"Buffalo, NY",NY,20657,20182,4345,433,42,BUF,42.94055555999999,-78.73055556,0.21529085323555644,0.02096141743718836,0.0020332090816672314
"Tucson, AZ",AZ,20152,19923,3066,191,38,TUS,32.12023443987892,-110.94510558480548,0.1538924860713748,0.009477967447399762,0.0018856689162366018
"Norfolk, VA",VA,19872,19383,4179,456,33,ORF,36.89472222,-76.20111111,0.21560130010834236,0.022946859903381644,0.0016606280193236715
"Savannah, GA",GA,19299,18830,3934,427,42,SAV,32.128065371273124,-81.20109147745376,0.20892193308550186,0.02212549873050417,0.002176278563656148
"Anchorage, AK",AK,18860,18609,3027,210,41,ANC,61.174166670000005,-149.99805556,0.16266322747057876,0.011134676564156946,0.002173913043478261
"Grand Rapids, MI",MI,18592,18287,4125,265,40,GRR,42.88141715280497,-85.52336160280497,0.22557007710395363,0.014253442340791738,0.0021514629948364886
"Tulsa, OK",OK,18410,18037,3510,328,45,TUL,36.19833333,-95.88878530667246,0.19459998891168154,0.0178164041281912,0.0024443237370994023
"Spokane, WA",WA,18202,18070,2879,88,44,GEG,47.61916667,-117.53527777999999,0.15932484781405645,0.004834633556752005,0.0024173167783760026
"Richmond, VA",VA,17877,17460,3910,373,44,RIC,37.51174609815405,-77.32212903996141,0.22394043528064148,0.020864798344241205,0.0024612630754600883
"Sarasota/Bradenton, FL",FL,17228,16985,3343,195,48,SRQ,27.395555560000002,-82.55444444,0.19682072416838386,0.011318783375899697,0.0027861620617599257
"El Paso, TX",TX,17011,16770,2893,189,52,ELP,31.80694449398742,-106.3748613794339,0.17251043530113297,0.01111045793898066,0.0030568455705131973
"Birmingham, AL",AL,16858,16480,3126,326,52,BHM,33.56388889,-86.75222222,0.18968446601941746,0.01933799976272393,0.003084588919207498
"Long Beach, CA",CA,16724,16619,2276,79,26,LGB,33.81805556,-118.15194444,0.13695168180997652,0.004723750298971538,0.0015546519971298732
"Kona, HI",HI,15796,15621,1933,153,22,KOA,19.736123771443403,-156.04583206886932,0.12374367838166571,0.009685996454798684,0.001392757660167131
"Lihue, HI",HI,15664,15493,2099,152,19,LIH,21.980569174341166,-159.33749574395299,0.13548053959852838,0.009703779366700716,0.0012129724208375895
"Providence, RI",RI,15528,15192,3283,304,32,PVD,41.72222222,-71.42777777999999,0.21610057925223802,0.019577537351880475,0.0020607934054611026
"Palm Springs, CA",CA,14930,14795,2752,95,40,PSP,33.82972222,-116.50666667,0.18600878675228116,0.006363027461486939,0.0026791694574681848
"Des Moines, IA",IA,14773,14405,2900,325,43,DSM,41.53401806813579,-93.66060119402154,0.20131898646303367,0.02199959385365193,0.0029107154944831787
"Myrtle Beach, SC",SC,14532,14177,3051,326,29,MYR,33.67972222,-78.92833333,0.2152077308316287,0.022433250756950178,0.001995595926231764
"Greer, SC",SC,14179,13839,2660,299,41,GSP,34.89555556,-82.21888889,0.19221041982802226,0.021087523802806967,0.0028916002538966075
"Pensacola, FL",FL,13884,13515,2628,331,38,PNS,30.473051153494673,-87.18737211888217,0.1944506104328524,0.023840391817919908,0.0027369634111207145
"Colorado Springs, CO",CO,13360,13137,2938,186,37,COS,38.80583333,-104.70083333,0.22364314531475984,0.013922155688622755,0.0027694610778443113
"Fresno, CA",CA,13341,13208,2383,99,34,FAT,36.77666667,-119.71888888999999,0.18042095699576013,0.007420733078479874,0.0025485345926092497
"Knoxville, TN",TN,13267,12954,3119,262,51,TYS,35.81111111,-83.99416667,0.24077505017755133,0.01974824753146906,0.003844124519484435
"Little Rock, AR",AR,12782,12498,2852,259,25,LIT,34.72944444,-92.22472222000002,0.2281965114418307,0.020262869660460023,0.0019558754498513534
"Fayetteville, AR",AR,12780,12504,2745,247,29,XNA,36.28166667,-94.30777778,0.21952975047984644,0.019327073552425664,0.002269170579029734
"Madison, WI",WI,12771,12505,2576,218,48,MSN,43.13999999999999,-89.3375,0.20599760095961617,0.017069924046668232,0.0037585153864223633
"Albany, NY",NY,12595,12318,2737,232,45,ALB,42.74916667,-73.80339144393648,0.22219516155220004,0.018420007939658596,0.003572846367606193
"Wichita, KS",KS,11164,10856,2421,277,31,ICT,37.650147200508776,-97.43261395847367,0.22301031687546058,0.024811895378000718,0.002776782515227517
"Bozeman, MT",MT,11051,10925,2407,82,44,BZN,45.77722222,-111.15027778,0.2203203661327231,0.007420142973486562,0.003981540132114741
"White Plains, NY",NY,10794,10451,2407,281,62,HPN,41.06694444,-73.7075,0.2303128887187829,0.026032981285899575,0.005743931813970725
"Portland, ME",ME,10750,10468,2246,242,40,PWM,43.64555556,-70.30861111,0.21455865494841422,0.022511627906976743,0.0037209302325581397
"Valparaiso, FL",FL,10696,10501,2039,169,26,VPS,30.483333329999997,-86.52570496290856,0.19417198362060756,0.015800299177262528,0.0024308152580403888
"Sanford, FL",FL,10495,10420,3220,46,29,SFB,28.776825286539303,-81.23473537451738,0.30902111324376197,0.004383039542639352,0.0027632205812291566
"Syracuse, NY",NY,10393,10130,2454,238,25,SYR,43.11111111,-76.10638889,0.2422507403751234,0.022900028865582605,0.0024054652169729625
"Greensboro/High Point, NC",NC,10368,10085,1897,266,17,GSO,36.10138889,-79.94111111,0.1881011403073872,0.025655864197530864,0.0016396604938271604
"Asheville, NC",NC,10243,10038,2448,172,33,AVL,35.43611111,-82.54194444,0.2438732815301853,0.016791955481792444,0.0032217123889485503
"Rochester, NY",NY,10084,9869,2280,201,14,ROC,43.11916667,-77.67194444,0.23102644644847503,0.01993256644188814,0.001388337961126537
"Midland/Odessa, TX",TX,9881,9703,1732,144,34,MAF,31.942499999999995,-102.20194444,0.17850149438318047,0.01457342374253618,0.003440947272543265
"St. Petersburg, FL",FL,9415,9339,2318,45,31,PIE,27.908611110000002,-82.68638889,0.24820644608630474,0.004779607010090282,0.0032926181625066385
"Lexington, KY",KY,9373,9160,2057,193,20,LEX,38.03666667,-84.60861111,0.22456331877729258,0.02059105942601088,0.002133788541555532
"Springfield, MO",MO,9247,9066,2355,155,26,SGF,37.24555556,-93.38861111,0.25976174718729317,0.01676219314372229,0.0028117227208824484
"Panama City, FL",FL,9043,8866,1748,156,21,ECP,30.358333330000004,-85.79555556,0.19715768102864878,0.017250912307862434,0.002322238195289174
"Huntsville, AL",AL,8550,8278,1996,244,28,HSV,34.63722222,-86.775,0.24112104373036966,0.02853801169590643,0.0032748538011695906
"Eugene, OR",OR,8279,8200,1418,57,22,EUG,44.1245938486653,-123.21134681071747,0.17292682926829267,0.006884889479405725,0.0026573257639811573
"Santa Barbara, CA",CA,8236,8130,1567,96,10,SBA,34.42596662122875,-119.84124440122876,0.1927429274292743,0.011656143759106362,0.0012141816415735794
"Cedar Rapids/Iowa City, IA",IA,8066,7881,1791,165,20,CID,41.88472222,-91.71083333,0.22725542443852303,0.02045623605256633,0.002479543763947434
"Dayton, OH",OH,7928,7725,1681,179,24,DAY,39.90208122772957,-84.2187394887992,0.21760517799352752,0.022578203834510594,0.0030272452068617556
"South Bend, IN",IN,7848,7676,1979,146,26,SBN,41.70833333,-86.31722222,0.2578165711307973,0.018603465851172275,0.003312945973496432
"Key West, FL",FL,7760,7587,1819,97,76,EYW,24.556111110000003,-81.76,0.23975220772373798,0.0125,0.00979381443298969
"Punta Gorda, FL",FL,7712,7663,1536,30,19,PGD,26.91861111,-81.99083333,0.2004436904606551,0.0038900414937759337,0.002463692946058091
"Aspen, CO",CO,7685,7207,2476,443,35,ASE,39.22194444,-106.86833333,0.3435548772027196,0.05764476252439818,0.004554326610279766
"Wilmington, NC",NC,7416,7177,1437,224,15,ILM,34.26915996143339,-77.90277778,0.20022293437369373,0.030204962243797196,0.0020226537216828477
"Appleton, WI",WI,7399,7296,1659,90,13,ATW,44.25805556,-88.51916667,0.22738486842105263,0.01216380591971888,0.0017569941884038383
"Sioux Falls, SD",SD,7398,7258,1875,109,31,FSD,43.58137026136659,-96.74180089921737,0.2583356296500413,0.014733711814003785,0.004190321708569884
"Fargo, ND",ND,6995,6912,1571,63,20,FAR,46.91988106974553,-96.81583333,0.22728587962962962,0.009006433166547534,0.0028591851322373124
"Hilo, HI",HI,6649,6603,701,45,1,ITO,19.72083241589863,-155.05138382993835,0.10616386490988944,0.006767935027823733,0.00015039855617386073
"Fort Wayne, IN",IN,6614,6468,1737,124,22,FWA,40.97833333,-85.19527778,0.26855287569573283,0.01874811006954944,0.003326277592984578
"Lubbock, TX",TX,6576,6433,1254,113,30,LBB,33.66260222476886,-101.81954666958029,0.19493237991605783,0.017183698296836983,0.004562043795620438
"Burlington, VT",VT,6551,6319,1664,205,27,BTV,44.47194444,-73.15333333,0.2633328058237063,0.031292932376736374,0.004121508166692108
"Pasco/Kennewick/Richland, WA",WA,6445,6408,733,22,15,PSC,46.26472222,-119.11888888999998,0.11438826466916355,0.003413498836307215,0.0023273855702094647
"Jackson, WY",WY,6386,6237,1629,90,59,JAC,43.60722222,-110.73777778000002,0.2611832611832612,0.014093329157532102,0.009238960225493267
"Bend/Redmond, OR",OR,6165,6105,1026,43,17,RDM,44.25416667,-121.15055556,0.16805896805896806,0.006974858069748581,0.00275750202757502
"Jackson/Vicksburg, MS",MS,6118,5953,1127,156,9,JAN,32.31111111,-90.07583333,0.18931631110364522,0.02549852893102321,0.0014710689767898006
"Manchester, NH",NH,5979,5805,1235,151,23,MHT,42.93277778,-71.43583333,0.2127476313522825,0.025255059374477338,0.00384679712326476
"Shreveport, LA",LA,5952,5797,1345,142,13,SHV,32.44669457317372,-93.82748669803763,0.23201656028980508,0.02385752688172043,0.0021841397849462364
"Columbia, SC",SC,5520,5326,1109,180,14,CAE,33.93888889,-81.11944444,0.2082238077356365,0.03260869565217391,0.002536231884057971
"Peoria, IL",IL,5435,5301,1397,125,9,PIA,40.66187289221711,-89.6910395573781,0.2635351820411243,0.022999080036798528,0.001655933762649494
"San Luis Obispo, CA",CA,5397,5312,1146,72,13,SBP,35.23708623801742,-120.64141215392998,0.2157379518072289,0.013340744858254585,0.002408745599407078
"Islip, NY",NY,5283,5207,1246,54,22,ISP,40.79611111,-73.10055556,0.23929325907432303,0.010221465076660987,0.00416430058678781
"Rapid City, SD",SD,5250,5140,1238,83,27,RAP,44.047187197401904,-103.05942539636571,0.24085603112840467,0.015809523809523808,0.005142857142857143
"Amarillo, TX",TX,5227,5107,1000,100,20,AMA,35.225514634964604,-101.70252231998278,0.1958096729978461,0.01913143294432753,0.003826286588865506
"Traverse City, MI",MI,5196,5069,1521,112,15,TVC,44.74166667,-85.58194444,0.3000591832708621,0.02155504234026174,0.002886836027713626
"Chattanooga, TN",TN,5140,4994,1255,130,16,CHA,35.03657398622568,-85.20274697078794,0.2513015618742491,0.02529182879377432,0.0031128404669260703
"Harrisburg, PA",PA,5069,4994,1070,66,9,MDT,40.19305556,-76.7625,0.21425710853023627,0.013020319589662656,0.0017754981258630894
"Charlotte Amalie, VI",VI,5044,4906,840,47,91,STT,18.33722222,-64.97333333,0.17121891561353444,0.009318001586042823,0.01804123711340206
"Monterey, CA",CA,4866,4801,786,51,14,MRY,36.58694444,-121.84250411018495,0.16371589252239116,0.010480887792848335,0.002877106452938759
"Mission/McAllen/Edinburg, TX",TX,4864,4759,962,93,12,MFE,26.17583333,-98.23861111,0.2021433074175247,0.019120065789473683,0.0024671052631578946
"Billings, MT",MT,4841,4775,898,42,24,BIL,45.80777778,-108.54361110999999,0.1880628272251309,0.008675893410452386,0.004957653377401363
"Juneau, AK",AK,4703,4580,725,89,34,JNU,58.354722220000006,-134.57833333,0.15829694323144106,0.018924091005741016,0.007229428024665107
"Grand Junction, CO",CO,4699,4626,935,56,17,GJT,39.120503002432436,-108.52039038972973,0.2021184608733247,0.011917429240263885,0.0036177910193658227
"Santa Rosa, CA",CA,4668,4569,1119,84,15,STS,38.50972222,-122.81293237992288,0.2449113591595535,0.017994858611825194,0.003213367609254499
"Medford, OR",OR,4613,4554,647,50,9,MFR,42.375,-122.87333332999998,0.14207290294246816,0.010838933448948623,0.0019510080208107522
"St. George, UT",UT,4539,4513,637,5,21,SGU,37.03638889,-113.51027778,0.14114779525814314,0.0011015642211940956,0.004626569729015202
"Baton Rouge, LA",LA,4535,4386,937,141,8,BTR,30.53305556,-91.15,0.2136342909256726,0.03109151047409041,0.0017640573318632856
"Tallahassee, FL",FL,4516,4400,807,105,11,TLH,30.39666667,-84.35083332999999,0.1834090909090909,0.02325066430469442,0.002435783879539415
"Missoula, MT",MT,4490,4432,916,32,26,MSO,46.916232863015594,-114.0910236353363,0.20667870036101083,0.0071269487750556795,0.005790645879732739
"Idaho Falls, ID",ID,4419,4354,881,38,27,IDA,43.519894457775514,-112.06409022695406,0.20234267340376666,0.008599230595157275,0.006109979633401222
"Kalispell, MT",MT,4340,4295,807,25,20,FCA,48.3124902738871,-114.2538539408963,0.1878928987194412,0.00576036866359447,0.004608294930875576
"Harlingen/San Benito, TX",TX,4307,4178,709,122,7,HRL,26.22682886966566,-97.65488442494544,0.16969842029679272,0.028325980961225912,0.00162526120269329
"Green Bay, WI",WI,4294,4207,924,84,3,GRB,44.48472222,-88.12972222,0.21963394342762063,0.019562179785747556,0.0006986492780624127
"Bismarck/Mandan, ND",ND,4270,4210,936,32,28,BIS,46.77068956599532,-100.7436059057377,0.22232779097387173,0.007494145199063232,0.006557377049180328
"Akron, OH",OH,4229,4152,1032,68,9,CAK,40.91588555391109,-81.44213518858597,0.24855491329479767,0.016079451406951998,0.002128162686214235
"Durango, CO",CO,4220,4136,931,67,17,DRO,37.15166667,-107.75388889000001,0.22509671179883947,0.015876777251184835,0.004028436018957346
"Moline, IL",IL,4204,4097,960,97,10,MLI,41.44790120359657,-90.50792182386299,0.23431779350744447,0.0230732635585157,0.002378686964795433
"Corpus Christi, TX",TX,3945,3855,694,83,7,CRP,27.7664709179417,-97.49919300041064,0.18002594033722438,0.021039290240811154,0.0017743979721166034
"Eagle, CO",CO,3868,3805,1190,42,21,EGE,39.64277778,-106.91583333,0.31274638633377133,0.010858324715615306,0.005429162357807653
"Fairbanks, AK",AK,3759,3726,596,33,0,FAI,64.81527778,-147.85500517368718,0.15995705850778313,0.008778930566640064,0.0
"Santa Fe, NM",NM,3681,3609,856,59,13,SAF,35.616919919904916,-106.08929329267319,0.2371848157384317,0.01602825319206737,0.0035316490084216245
"Bangor, ME",ME,3656,3515,939,131,10,BGR,44.8075,-68.82805556,0.26714082503556186,0.035831509846827134,0.002735229759299781
"Gulfport/Biloxi, MS",MS,3361,3243,527,111,7,GPT,30.40423121257661,-89.06809663074978,0.16250385445575086,0.033025885153228206,0.0020827134781315083
"Flint, MI",MI,3315,3264,855,42,9,FNT,42.96555556,-83.74472222,0.2619485294117647,0.012669683257918552,0.0027149321266968325
"Bakersfield, CA",CA,3054,3025,464,19,10,BFL,35.43375263772757,-119.05764152772758,0.15338842975206612,0.006221349050425672,0.0032743942370661427
"Daytona Beach, FL",FL,3054,2990,463,53,11,DAB,29.18,-81.05805556,0.1548494983277592,0.017354289456450556,0.003601833660772757
"Allentown/Bethlehem/Easton, PA",PA,3037,2981,518,39,17,ABE,40.652063715936784,-75.44158663742509,0.17376719221737671,0.012841620019756339,0.005597629239380968
"Provo, UT",UT,2978,2938,537,23,17,PVU,40.219041771605106,-111.72295863931163,0.1827773995915589,0.007723304231027535,0.005708529214237743
"Melbourne, FL",FL,2942,2884,523,52,6,MLB,28.10250566512577,-80.6443253828382,0.18134535367545077,0.017675050985723997,0.0020394289598912306
"Charleston/Dunbar, WV",WV,2902,2806,728,89,7,CRW,38.37611111,-81.59277778,0.2594440484675695,0.030668504479669192,0.002412129565816678
"Lincoln, NE",NE,2865,2804,701,46,15,LNK,40.851450354785335,-96.75731559009076,0.25,0.01605584642233857,0.005235602094240838
"Minot, ND",ND,2841,2792,582,41,8,MOT,48.25777778,-101.27805556,0.20845272206303725,0.014431538190777896,0.0028159098908834917
"Gainesville, FL",FL,2714,2660,378,48,6,GNV,29.69044491347458,-82.27225988974577,0.14210526315789473,0.017686072218128224,0.002210759027266028
"Lafayette, LA",LA,2674,2575,626,91,8,LFT,30.20442200672775,-91.9870552871092,0.24310679611650485,0.034031413612565446,0.0029917726252804786
"Atlantic City, NJ",NJ,2671,2643,387,23,5,ACY,39.458406653504305,-74.57797776368027,0.14642451759364358,0.008611007113440658,0.0018719580681392737
"Sun Valley/Hailey/Ketchum, ID",ID,2504,2471,351,24,9,SUN,43.50388889,-114.29555556,0.14204775394577093,0.009584664536741214,0.003594249201277955
"Columbia, MO",MO,2489,2390,624,91,8,COU,38.81998884132584,-92.2164171278184,0.2610878661087866,0.03656086781840096,0.0032141422257934912
"Great Falls, MT",MT,2444,2431,318,8,5,GTF,47.4796558468617,-111.37156096887887,0.13081036610448374,0.0032733224222585926,0.0020458265139116204
"Montrose/Delta, CO",CO,2419,2391,573,19,9,MTJ,38.50935257837536,-107.89428988091774,0.2396486825595985,0.007854485324514262,0.0037205456800330715
"Bellingham, WA",WA,2409,2376,343,30,3,BLI,48.79277778,-122.53749999999998,0.14436026936026936,0.012453300124533,0.0012453300124533001
"Casper, WY",WY,2398,2366,607,21,11,CPR,42.90583333,-106.46361111,0.2565511411665258,0.008757297748123435,0.0045871559633027525
"Ketchikan, AK",AK,2388,2325,441,59,4,KTN,55.35416666999999,-131.71111111,0.1896774193548387,0.024706867671691793,0.0016750418760469012
"Williston, ND",ND,2376,2330,566,24,22,XWA,48.25972222,-103.75055556,0.2429184549356223,0.010101010101010102,0.009259259259259259
"Hayden, CO",CO,2313,2269,609,35,9,HDN,40.48111111,-107.21777778,0.26840017628911417,0.015131863380890618,0.0038910505836575876
"Saginaw/Bay City/Midland, MI",MI,2305,2264,533,39,2,MBS,43.53305556,-84.07972222,0.23542402826855124,0.016919739696312365,0.0008676789587852494
"Augusta, GA",GA,2298,2230,510,64,4,AGS,33.37,-81.96444444,0.22869955156950672,0.0278503046127067,0.0017406440382941688
"Aguadilla, PR",PR,2297,2250,409,30,17,BQN,18.49472222,-67.12944444,0.1817777777777778,0.013060513713539399,0.007400957771005659
"Duluth, MN",MN,2212,2172,450,38,2,DLH,46.84164958660941,-92.18787849185352,0.20718232044198895,0.017179023508137433,0.0009041591320072332
"Hilton Head, SC",SC,2185,2116,394,47,22,HHH,32.22444444,-80.6975,0.18620037807183365,0.021510297482837528,0.010068649885583524
"Montgomery, AL",AL,2113,2018,609,84,11,MGM,32.30055556,-86.39215885848084,0.30178394449950446,0.03975390440132513,0.005205868433506862
"Arcata/Eureka, CA",CA,1985,1957,439,19,9,ACV,40.97777778,-124.10833333,0.22432294328053143,0.009571788413098237,0.004534005037783375
"Lansing, MI",MI,1965,1912,445,50,3,LAN,42.77861111,-84.58611111,0.23274058577405857,0.02544529262086514,0.0015267175572519084
"Evansville, IN",IN,1934,1874,443,51,9,EVV,38.04037874719235,-87.52921722222854,0.23639274279615796,0.026370217166494313,0.004653567735263702
"Killeen, TX",TX,1811,1742,364,65,4,GRK,31.06722222,-97.82888889000002,0.208955223880597,0.03589177250138045,0.0022087244616234127
"Laredo, TX",TX,1776,1703,337,69,4,LRD,27.54416667,-99.46166667,0.1978860833822666,0.03885135135135135,0.0022522522522522522
"Roanoke, VA",VA,1772,1716,524,51,5,ROA,37.32572077985327,-79.97737302597066,0.30536130536130535,0.02878103837471783,0.0028216704288939053
"Abilene, TX",TX,1761,1718,312,41,2,ABI,32.40985330192504,-99.68222363965928,0.18160651920838183,0.02328222600795003,0.001135718341851221
"Flagstaff, AZ",AZ,1729,1696,342,30,3,FLG,35.14027778,-111.66916667,0.2016509433962264,0.01735106998264893,0.001735106998264893
"Bloomington/Normal, IL",IL,1722,1686,304,30,6,BMI,40.477557427224156,-88.91248128792682,0.18030842230130487,0.017421602787456445,0.003484320557491289
"Mobile, AL",AL,1711,1634,357,70,7,MOB,30.69138889,-88.24277778,0.21848225214198286,0.040911747516072475,0.004091174751607247
"Redding, CA",CA,1698,1674,335,21,3,RDD,40.509309971943466,-122.29417549893992,0.2001194743130227,0.012367491166077738,0.0017667844522968198
"Yuma, AZ",AZ,1683,1654,245,21,8,YUM,32.65666667,-114.60611111,0.14812575574365175,0.012477718360071301,0.004753416518122401
"Helena, MT",MT,1680,1651,311,16,13,HLN,46.606666669999996,-111.98333333,0.18837068443367655,0.009523809523809525,0.007738095238095238
"Champaign/Urbana, IL",IL,1654,1608,341,42,4,CMI,40.03846130361548,-88.27666667,0.21206467661691542,0.02539298669891173,0.0024183796856106408
"Kalamazoo, MI",MI,1602,1561,304,41,0,AZO,42.23532961895755,-85.55308295378276,0.19474695707879563,0.025593008739076155,0.0
"Nantucket, MA",MA,1582,1506,425,73,3,ACK,41.25333333,-70.06055556,0.2822045152722444,0.0461441213653603,0.0018963337547408343
"Brownsville, TX",TX,1567,1509,306,57,1,BRO,25.908341130931717,-97.4275540674984,0.20278330019880716,0.036375239310784936,0.0006381620931716656
"Manhattan/Ft. Riley, KS",KS,1563,1503,300,57,3,MHK,39.14171464959693,-96.67028470746641,0.1996007984031936,0.036468330134357005,0.0019193857965451055
"Scranton/Wilkes-Barre, PA",PA,1534,1492,291,38,4,AVP,41.33938160910691,-75.72243481121252,0.1950402144772118,0.024771838331160364,0.002607561929595828
"Charlottesville, VA",VA,1502,1442,397,51,9,CHO,38.13972222,-78.45222222,0.2753120665742025,0.03395472703062583,0.005992010652463382
"Christiansted, VI",VI,1374,1360,308,8,6,STX,17.701515649869,-64.80194444,0.22647058823529412,0.005822416302765648,0.004366812227074236
"Belleville, IL",IL,1360,1348,404,8,4,BLV,38.54527778,-89.83527778,0.2997032640949555,0.0058823529411764705,0.0029411764705882353
"Marquette, MI",MI,1353,1312,286,41,0,MQT,46.34916667,-87.39638889,0.21798780487804878,0.030303030303030304,0.0
"Sitka, AK",AK,1329,1295,235,20,14,SIT,57.04694444,-135.36111111,0.18146718146718147,0.015048908954100828,0.010534236267870579
"Bristol/Johnson City/Kingsport, TN",TN,1318,1299,321,16,3,TRI,36.47527778,-82.4075,0.2471131639722864,0.012139605462822459,0.002276176024279211
"Elmira/Corning, NY",NY,1250,1240,246,8,2,ELM,42.158722000064,-76.89409577996801,0.19838709677419356,0.0064,0.0016
"College Station/Bryan, TX",TX,1221,1177,238,44,0,CLL,30.58805556,-96.36157452722358,0.20220900594732372,0.036036036036036036,0.0
"Lake Charles, LA",LA,1186,1129,281,56,1,LCH,30.126111109999997,-93.22333333,0.24889282550930025,0.047217537942664416,0.0008431703204047217
"Fort Smith, AR",AR,1169,1119,199,47,3,FSM,35.335941928426,-94.36698080093242,0.1778373547810545,0.04020530367835757,0.0025662959794696323
"Gunnison, CO",CO,1138,1126,287,5,7,GUC,38.53611111,-106.92944444,0.25488454706927177,0.004393673110720563,0.006151142355008787
"Everett, WA",WA,1121,1103,187,11,7,PAE,47.90722222,-122.28222222,0.16953762466001812,0.009812667261373774,0.006244424620874219
"Alexandria, LA",LA,1106,1054,253,52,0,AEX,31.325446803661844,-92.5477898304792,0.24003795066413663,0.04701627486437613,0.0
"Trenton, NJ",NJ,1091,1060,228,26,5,TTN,40.27666667,-74.81333333,0.21509433962264152,0.02383134738771769,0.00458295142071494
"Waco, TX",TX,1090,1039,230,50,1,ACT,31.608179664174312,-97.22999898062385,0.22136669874879691,0.045871559633027525,0.0009174311926605505
"San Angelo, TX",TX,1089,1037,222,49,3,SJT,31.35777778,-100.49638889,0.21407907425265188,0.04499540863177227,0.0027548209366391185
"Tyler, TX",TX,1089,1044,254,44,1,TYR,32.35375038261708,-95.40291628738291,0.24329501915708812,0.04040404040404041,0.0009182736455463728
"Lawton/Fort Sill, OK",OK,1088,1030,268,57,1,LAW,34.56722120375919,-98.4165275246875,0.26019417475728157,0.05238970588235294,0.0009191176470588235
"Monroe, LA",LA,1087,1050,226,37,0,MLU,32.510972608316465,-92.03638914554737,0.21523809523809523,0.03403863845446182,0.0
"Martha's Vineyard, MA",MA,1070,1023,285,43,4,MVY,41.39311007560748,-70.61254932345794,0.2785923753665689,0.04018691588785047,0.003738317757009346
"Rochester, MN",MN,1053,1026,321,27,0,RST,43.90927192003799,-92.49812282555554,0.3128654970760234,0.02564102564102564,0.0
"Grand Island, NE",NE,989,963,203,24,2,GRI,40.97400797884732,-98.3122146365824,0.21079958463136034,0.024266936299292215,0.0020222446916076846
"Salina, KS",KS,969,946,226,16,7,SLN,38.79008514,-97.65347666204333,0.23890063424947147,0.016511867905056758,0.007223942208462332
"Worcester, MA",MA,962,934,242,22,6,ORH,42.267222219999994,-71.87555556,0.25910064239828695,0.02286902286902287,0.006237006237006237
"Roswell, NM",NM,948,912,195,34,2,ROW,33.3,-104.52944443999999,0.2138157894736842,0.035864978902953586,0.002109704641350211
"Rockford, IL",IL,935,932,258,3,0,RFD,42.19527778,-89.09722222,0.27682403433476394,0.0032085561497326204,0.0
"Cody, WY",WY,930,897,280,21,12,COD,44.52027778,-109.02388889,0.31215161649944256,0.02258064516129032,0.012903225806451613
"Pellston, MI",MI,925,885,193,36,4,PLN,45.57083332999999,-84.79666667,0.21807909604519773,0.03891891891891892,0.004324324324324324
"Rhinelander, WI",WI,925,902,146,22,1,RHI,45.63083333,-89.46666667,0.16186252771618626,0.023783783783783784,0.001081081081081081
"La Crosse, WI",WI,891,867,167,24,0,LSE,43.87900330667789,-91.25633994335578,0.19261822376009227,0.026936026936026935,0.0
"Albany, GA",GA,890,871,141,18,1,ABY,31.53555556,-84.19444444,0.1618828932261768,0.020224719101123594,0.0011235955056179776
"Kodiak, AK",AK,864,832,134,32,0,ADQ,57.74972222,-152.49388889,0.16105769230769232,0.037037037037037035,0.0
"Sault Ste. Marie, MI",MI,864,849,191,11,4,CIU,46.25303240583334,-84.47484567666667,0.2249705535924617,0.01273148148148148,0.004629629629629629
"Grand Forks, ND",ND,816,808,125,8,0,GFK,47.946723855980395,-97.17339052598038,0.1547029702970297,0.00980392156862745,0.0
"Hancock/Houghton, MI",MI,795,757,214,35,3,CMX,47.16807756735849,-88.48788784298114,0.28269484808454426,0.0440251572327044,0.0037735849056603774
"Prescott, AZ",AZ,794,785,181,7,2,PRC,34.65472222,-112.41916667000001,0.23057324840764332,0.008816120906801008,0.0025188916876574307
"Lewiston, ID",ID,761,757,64,2,2,LWS,46.37310483212878,-117.01125894191853,0.0845442536327609,0.002628120893561104,0.002628120893561104
"Aberdeen, SD",SD,754,748,78,6,0,ABR,45.44666667,-98.42278956907161,0.10427807486631016,0.007957559681697613,0.0
"Mosinee, WI",WI,749,731,180,18,0,CWA,44.7792523364486,-89.67270249476636,0.24623803009575923,0.02403204272363151,0.0
"Cheyenne, WY",WY,736,727,161,8,1,CYS,41.15612621160326,-104.81554876538044,0.22145804676753783,0.010869565217391304,0.001358695652173913
"Sheridan, WY",WY,735,716,165,11,8,SHR,44.770435377483,-106.98239228908842,0.23044692737430167,0.014965986394557823,0.010884353741496598
"Guam, TT",TT,732,726,47,5,1,GUM,13.48388889,144.79722222,0.06473829201101929,0.006830601092896175,0.001366120218579235
"Gillette, WY",WY,730,714,156,14,2,GCC,44.34804870567123,-105.5404246558904,0.2184873949579832,0.019178082191780823,0.0027397260273972603
"Hobbs, NM",NM,730,714,155,12,4,HOB,32.68764003156164,-103.2175022831233,0.21708683473389356,0.01643835616438356,0.005479452054794521
"Garden City, KS",KS,729,705,154,22,2,GCK,37.9249828532236,-100.72374523703705,0.21843971631205675,0.03017832647462277,0.0027434842249657062
"Riverton/Lander, WY",WY,729,718,121,5,6,RIW,43.064865877997256,-108.46014174781892,0.16852367688022285,0.006858710562414266,0.00823045267489712
"Rock Springs, WY",WY,729,721,137,4,4,RKS,41.59416667,-109.06527778,0.1900138696255201,0.0054869684499314125,0.0054869684499314125
"Sioux City, IA",IA,729,711,237,13,5,SUX,42.40138889,-96.38444444,0.3333333333333333,0.01783264746227709,0.006858710562414266
"Stillwater, OK",OK,729,700,138,27,2,SWO,36.15999047400548,-97.08625285781893,0.19714285714285715,0.037037037037037035,0.0027434842249657062
"Wichita Falls, TX",TX,729,700,148,29,0,SPS,33.98888889,-98.49194443999998,0.21142857142857144,0.039780521262002745,0.0
"Bemidji, MN",MN,728,723,95,5,0,BJI,47.51083333,-94.93472222,0.1313969571230982,0.006868131868131868,0.0
"Beaumont/Port Arthur, TX",TX,727,695,138,30,2,BPT,29.95208848818432,-94.02250687759285,0.1985611510791367,0.04126547455295736,0.002751031636863824
"Iron Mountain/Kingsfd, MI",MI,727,712,152,15,0,IMT,45.81833333,-88.11444444,0.21348314606741572,0.02063273727647868,0.0
"Johnstown, PA",PA,727,703,174,23,1,JST,40.31541609686383,-78.83444329874828,0.24751066856330015,0.03163686382393398,0.001375515818431912
"Longview, TX",TX,727,702,141,24,1,GGG,32.386817590756536,-94.7140386695048,0.20085470085470086,0.033012379642365884,0.001375515818431912
"Morgantown, WV",WV,727,695,155,31,1,MGW,39.64361111,-79.9175,0.22302158273381295,0.04264099037138927,0.001375515818431912
"Texarkana, AR",AR,727,700,132,26,1,TXK,33.45500573132049,-93.99013487808803,0.18857142857142858,0.03576341127922971,0.001375515818431912
"Joplin, MO",MO,726,699,193,23,4,JLN,37.15137970724518,-94.49846992932507,0.2761087267525036,0.03168044077134986,0.005509641873278237
"Cordova, AK",AK,724,706,93,13,5,CDV,60.49166667,-145.4775,0.13172804532577903,0.017955801104972375,0.006906077348066298
"Petersburg, AK",AK,724,700,83,22,2,PSG,56.80138889,-132.94611111,0.11857142857142858,0.03038674033149171,0.0027624309392265192
"Wrangell, AK",AK,724,700,98,15,9,WRG,56.48444443999999,-132.36972222,0.14,0.020718232044198894,0.012430939226519336
"Yakutat, AK",AK,724,697,73,21,6,YAK,59.50612645685083,-139.6599984653039,0.10473457675753228,0.029005524861878452,0.008287292817679558
"Bethel, AK",AK,723,699,215,24,0,BET,60.77861111,-161.83722222,0.30758226037195996,0.03319502074688797,0.0
"Twin Falls, ID",ID,716,715,35,0,1,TWF,42.481393540488824,-114.48667598097765,0.04895104895104895,0.0,0.0013966480446927375
"Concord, NC",NC,710,703,318,6,1,USA,35.38777778,-80.70916667,0.4523470839260313,0.008450704225352112,0.0014084507042253522
"Butte, MT",MT,708,701,92,5,2,BTM,45.952860560183616,-112.49649756977402,0.1312410841654779,0.007062146892655367,0.002824858757062147
"Dickinson, ND",ND,689,673,197,12,4,DIK,46.80055556,-102.80444444,0.29271916790490343,0.01741654571843251,0.005805515239477504
"Ponce, PR",PR,688,680,67,7,1,PSE,18.00888889,-66.56444444,0.09852941176470588,0.010174418604651164,0.0014534883720930232
"International Falls, MN",MN,658,650,74,8,0,INL,48.56555556,-93.40222222,0.11384615384615385,0.0121580547112462,0.0
"Devils Lake, ND",ND,652,636,177,11,5,DVL,48.11666667,-98.91,0.2783018867924528,0.01687116564417178,0.007668711656441718
"Jamestown, ND",ND,652,638,128,11,3,JMS,46.92972222,-98.67805556,0.2006269592476489,0.01687116564417178,0.004601226993865031
"Carlsbad, CA",CA,640,637,57,2,1,CLD,33.12833333,-117.28,0.08948194662480377,0.003125,0.0015625
"Brainerd, MN",MN,629,623,102,6,0,BRD,46.40416667,-94.13361111,0.1637239165329053,0.009538950715421303,0.0
"Alpena, MI",MI,628,602,85,26,0,APN,45.07805556,-83.56027778,0.14119601328903655,0.041401273885350316,0.0
"Cedar City, UT",UT,628,625,46,3,0,CDC,37.70139419285032,-113.0984682441242,0.0736,0.004777070063694267,0.0
"Escanaba, MI",MI,628,607,84,21,0,ESC,45.72277778,-87.09361111,0.13838550247116968,0.03343949044585987,0.0
"Decatur, IL",IL,627,609,170,17,1,DEC,39.83444443999999,-88.86555556,0.2791461412151067,0.02711323763955343,0.001594896331738437
"Dodge City, KS",KS,627,610,147,16,1,DDC,37.76305556,-99.96555556,0.24098360655737705,0.025518341307814992,0.001594896331738437
"Eau Claire, WI",WI,627,608,127,17,2,EAU,44.86583333,-91.48416667,0.20888157894736842,0.02711323763955343,0.003189792663476874
"Fort Dodge, IA",IA,627,602,124,24,1,FOD,42.55181109283892,-94.19166444988836,0.2059800664451827,0.03827751196172249,0.001594896331738437
"Hattiesburg/Laurel, MS",MS,627,615,108,12,0,PIB,31.467222219999996,-89.33694444,0.17560975609756097,0.019138755980861243,0.0
"Hays, KS",KS,627,608,122,18,1,HYS,38.84222222,-99.27305556,0.20065789473684212,0.028708133971291867,0.001594896331738437
"Hibbing, MN",MN,627,620,102,7,0,HIB,47.38666667,-92.83888889,0.16451612903225807,0.011164274322169059,0.0
"Laramie, WY",WY,627,603,170,24,0,LAR,41.31264442283891,-105.67388002947368,0.28192371475953565,0.03827751196172249,0.0
"Liberal, KS",KS,627,611,155,16,0,LBL,37.04724880661882,-100.95818004663477,0.25368248772504093,0.025518341307814992,0.0
"Mason City, IA",IA,627,595,164,31,1,MCW,43.15777778,-93.33111111,0.27563025210084036,0.049441786283891544,0.001594896331738437
"Meridian, MS",MS,627,617,127,9,1,MEI,32.33124003189793,-88.7530644155662,0.20583468395461912,0.014354066985645933,0.001594896331738437
"Kearney, NE",NE,626,616,106,5,5,EAR,40.72932064199681,-99.00736555234825,0.17207792207792208,0.007987220447284345,0.007987220447284345
"North Platte, NE",NE,626,609,150,15,2,LBF,41.12611111,-100.68361111,0.24630541871921183,0.023961661341853034,0.003194888178913738
"Scottsbluff, NE",NE,626,610,163,15,1,BFF,41.87416667,-103.59555556,0.26721311475409837,0.023961661341853034,0.001597444089456869
"Springfield, IL",IL,626,609,139,17,0,SPI,39.84416667,-89.67822772415336,0.22824302134646962,0.027156549520766772,0.0
"Newburgh/Poughkeepsie, NY",NY,611,600,182,8,3,SWF,41.50416667,-74.10472222,0.30333333333333334,0.01309328968903437,0.004909983633387889
"Victoria, TX",TX,596,573,121,22,1,VCT,28.854166669999998,-96.91861111,0.2111692844677138,0.03691275167785235,0.0016778523489932886
"Stockton, CA",CA,564,555,180,7,2,SCK,37.89460007560284,-121.23938928241135,0.32432432432432434,0.012411347517730497,0.0035460992907801418
"Pocatello, ID",ID,551,549,31,2,0,PIH,42.90589080275862,-112.59899425068966,0.056466302367941715,0.003629764065335753,0.0
"Ashland, WV",WV,540,531,234,6,3,HTS,38.36861111,-82.56027778,0.4406779661016949,0.011111111111111112,0.005555555555555556
"Deadhorse, AK",AK,537,532,61,5,0,SCC,70.19472222,-148.46527778,0.11466165413533834,0.00931098696461825,0.0
"Plattsburgh, NY",NY,537,526,148,11,0,PBG,44.65083333,-73.46805556,0.2813688212927757,0.020484171322160148,0.0
"Portsmouth, NH",NH,506,506,114,0,0,PSM,43.07805556,-70.82333333,0.22529644268774704,0.0,0.0
"Elko, NV",NV,504,503,18,1,0,EKO,40.825,-115.79138889,0.03578528827037773,0.001984126984126984,0.0
"Latrobe, PA",PA,492,483,97,7,2,LBE,40.27305556,-79.41027778,0.20082815734989648,0.014227642276422764,0.0040650406504065045
"Niagara Falls, NY",NY,474,466,142,6,2,IAG,43.10834505198312,-78.94028012194092,0.30472103004291845,0.012658227848101266,0.004219409282700422
"North Bend/Coos Bay, OR",OR,473,466,104,2,5,OTH,43.41694444,-124.24694444,0.22317596566523606,0.004228329809725159,0.010570824524312896
"State College, PA",PA,471,458,116,9,4,SCE,40.849999999999994,-77.8475,0.25327510917030566,0.01910828025477707,0.008492569002123142
"Toledo, OH",OH,396,393,160,2,1,TOL,41.58853534954546,-83.80493686863635,0.4071246819338422,0.005050505050505051,0.0025252525252525255
"Waterloo, IA",IA,390,380,113,9,1,ALO,42.56026496069231,-92.40231837592309,0.29736842105263156,0.023076923076923078,0.002564102564102564
"Hyannis, MA",MA,380,364,103,13,3,HYA,41.66944444,-70.28027778,0.28296703296703296,0.034210526315789476,0.007894736842105263
"Saipan, TT",TT,367,366,20,1,0,SPN,15.12027778,145.73,0.0546448087431694,0.0027247956403269754,0.0
"Presque Isle/Houlton, ME",ME,365,363,18,2,0,PQI,46.68692846326028,-68.04584246241096,0.049586776859504134,0.005479452054794521,0.0
"Kotzebue, AK",AK,363,349,36,14,0,OTZ,66.88692607950414,-162.60232553190085,0.10315186246418338,0.03856749311294766,0.0
"Barrow, AK",AK,360,345,109,15,0,BRW,71.28472222,-156.76861111,0.3159420289855073,0.041666666666666664,0.0
"Nome, AK",AK,358,348,69,10,0,OME,64.51055556,-165.44472222,0.19827586206896552,0.027932960893854747,0.0
"Fayetteville, NC",NC,354,348,56,5,1,FAY,34.988973635677965,-78.88294962129943,0.16091954022988506,0.014124293785310734,0.002824858757062147
"Jacksonville/Camp Lejeune, NC",NC,351,331,52,19,1,OAJ,34.82916667,-77.61222222,0.15709969788519637,0.05413105413105413,0.002849002849002849
"West Yellowstone, MT",MT,336,323,60,2,11,WYS,44.68833333,-111.11777778,0.18575851393188855,0.005952380952380952,0.03273809523809524
"Gulf Shores, AL",AL,327,323,60,4,0,GUF,30.290157153822634,-87.67579850217126,0.18575851393188855,0.012232415902140673,0.0
"Hagerstown, MD",MD,316,308,153,6,2,HGR,39.70861110999999,-77.72638889,0.4967532467532468,0.0189873417721519,0.006329113924050633
"Watertown, SD",SD,304,303,54,1,0,ATY,44.91388889,-97.15472222,0.1782178217821782,0.003289473684210526,0.0
"Bishop, CA",CA,299,297,56,1,1,BIH,37.37305556,-118.36361111,0.18855218855218855,0.0033444816053511705,0.0033444816053511705
"Pierre, SD",SD,297,291,55,6,0,PIR,44.38638889,-100.29583333,0.18900343642611683,0.020202020202020204,0.0
"New Bern/Morehead/Beaufort, NC",NC,294,291,61,2,1,EWN,35.07330215431973,-77.04270597292516,0.20962199312714777,0.006802721088435374,0.003401360544217687
"Santa Maria, CA",CA,258,254,59,4,0,SMX,34.902883289379844,-120.4587209320155,0.23228346456692914,0.015503875968992248,0.0
"Columbus, MS",MS,243,238,62,3,2,GTR,33.44833333,-88.59138889,0.2605042016806723,0.012345679012345678,0.00823045267489712
"Farmington, NM",NM,237,236,40,1,0,FMN,36.74138889,-108.23086263392406,0.1694915254237288,0.004219409282700422,0.0
"Lafayette, IN",IN,236,231,48,5,0,LAF,40.41222221999999,-86.93694443999999,0.2077922077922078,0.0211864406779661,0.0
"Binghamton, NY",NY,226,223,37,2,1,BGM,42.20833333000001,-75.97972222,0.16591928251121077,0.008849557522123894,0.004424778761061947
"Clarksburg/Fairmont, WV",WV,205,199,103,5,1,CKB,39.29777778,-80.2275,0.5175879396984925,0.024390243902439025,0.004878048780487805
"St. Cloud, MN",MN,176,176,53,0,0,STC,45.54611111,-94.05920296369318,0.30113636363636365,0.0,0.0
"King Salmon, AK",AK,166,165,13,1,0,AKN,58.6774832696988,-156.65079986283132,0.07878787878787878,0.006024096385542169,0.0
"Pago Pago, TT",TT,150,148,21,2,0,PPG,-14.330877779533333,-170.71086296459998,0.14189189189189189,0.013333333333333334,0.0
"Dillingham, AK",AK,114,113,24,1,0,DLG,59.04472221999999,-158.50555556,0.21238938053097345,0.008771929824561403,0.0
"Adak Island, AK",AK,105,97,16,8,0,ADK,51.88361111,-176.6425,0.16494845360824742,0.0761904761904762,0.0
"Gustavus, AK",AK,86,83,15,3,0,GST,58.42527778,-135.7075,0.18072289156626506,0.03488372093023256,0.0
"Dothan, AL",AL,52,52,23,0,0,DHN,31.32111111,-85.44944444,0.4423076923076923,0.0,0.0
"Vero Beach, FL",FL,42,41,21,1,0,VRB,27.65555556,-80.41805556,0.5121951219512195,0.023809523809523808,0.0
"Erie, PA",PA,39,38,8,0,1,ERI,42.07916667,-80.18,0.21052631578947367,0.0,0.02564102564102564
"Ithaca/Cortland, NY",NY,4,4,0,0,0,ITH,42.49138889,-76.45861111,0.0,0.0,0.0
"Newport News/Williamsburg, VA",VA,3,3,0,0,0,PHF,37.12638889,-76.49888889,0.0,0.0,0.0
